seam_x,seam_y,seam_z,init_x,init_y,init_z,dest_x,dest_y,dest_z,angle_deg
75.000,0.000,-0.000,40.00000,0.00006,-35.00008,75.10607,0.00006,0.10599,90.00
75.000,-0.000,-10.321,39.99999,0.00006,-45.32115,75.10607,0.00006,-10.21508,90.00
-946.917,0.000,-2323.877,-901.38031,0.00009,-2288.57031,-947.03461,0.00009,-2323.96802,75.58
-946.917,41.322,-2323.877,-901.38031,0.00009,-2288.57031,-947.03461,0.00009,-2323.96802,75.58
