seam_x,seam_y,seam_z,init_x,init_y,init_z,dest_x,dest_y,dest_z,angle_deg
-648.0590209960938,7.112171442713588e-05,-1161.9383544921875,-598.0694580078125,7.112171442713588e-05,-1172.0400390625,-649.8026733398438,7.112171442713588e-05,-1161.5859375,179.973
75.00001525878906,5.6558026699349284e-05,-0.00010699999984353781,28.686304092407227,5.6558026699349284e-05,-46.313812255859375,75.0706787109375,5.6558026699349284e-05,0.0706036314368248,90.0
-946.9168090820312,8.538304246030748e-05,-2323.876708984375,-889.130859375,8.538304246030748e-05,-2279.07275390625,-947.2802124023438,8.538304246030748e-05,-2324.158447265625,75.576
