seam_x,seam_y,seam_z,init_x,init_y,init_z,dest_x,dest_y,dest_z,angle_deg
229.564,0.000,-387.496,223.22025,0.00000,-352.00400,229.59074,0.00000,-387.64398,159.73
525.411,0.000,108.106,488.55481,0.00000,101.07103,525.55719,0.00000,108.13427,141.96
-242.495,0.000,196.072,-207.46028,0.00000,212.53107,-242.63106,0.00000,196.00821,132.70
466.495,0.000,-300.000,434.44186,0.00000,-274.06866,466.61240,0.00000,-300.09473,118.48
-72.735,0.000,600.000,-44.94569,0.00000,564.60675,-72.82838,0.00000,600.11908,103.72
-224.389,0.000,-300.000,-189.07317,90.95824,-271.56509,-224.50555,90.95824,-300.09372,102.62
-100.000,110.000,0.356,-65.00000,0.00000,-34.12414,-100.10699,0.00000,0.46134,90.86
