seam_x,seam_y,seam_z,init_x,init_y,init_z,dest_x,dest_y,dest_z,angle_deg
75.0,-100.0,250.0,24.0,-100.0,250.0,75.09999084472656,-100.0,249.99998474121094,180.0
-75.0,-100.0,250.0,-24.0,-100.0,250.0,-75.10000610351562,-100.0,249.99998474121094,180.0
