seam_x,seam_y,seam_z,init_x,init_y,init_z,dest_x,dest_y,dest_z,angle_deg
-340.070068359375,0.0,-150.28216552734375,-293.0772399902344,0.0,-151.10243225097656,-340.1700744628906,0.0,-150.28041076660156,180.0
400.0,69.5894775390625,737.2509765625,349.18798828125,69.5894775390625,729.3927001953125,400.0987854003906,69.5894775390625,737.2662963867188,162.417
-400.0,0.0,737.2509765625,-349.1705322265625,0.0,731.3853759765625,-400.57659912109375,0.0,737.3175659179688,168.835
-337.7136535644531,297.0414733886719,1052.8206787109375,-297.1580505371094,297.0414733886719,1006.8473510742188,-337.7796630859375,297.0414733886719,1052.8953857421875,101.165
