seam_x,seam_y,seam_z,init_x,init_y,init_z,dest_x,dest_y,dest_z,angle_deg
400.000,0.000,737.251,364.50586,69.65153,731.76166,400.14810,69.65152,737.27393,162.42
400.000,78.383,737.251,364.50586,69.65153,731.76166,400.14810,69.65152,737.27393,162.42
