seam_x,seam_y,seam_z,init_x,init_y,init_z,dest_x,dest_y,dest_z,angle_deg
400.0,69.58947670450554,737.2509765625,349.18798828125,69.5894775390625,729.3927001953125,400.0987854003906,69.58947670450554,737.2662963867188,162.417
-400.0,0.0,737.2509765625,-349.1705322265625,0.0,731.3853759765625,-400.57659912109375,0.0,737.3175659179688,168.835
400.0,32.115957870886874,329.6274108886719,349.5814208984375,32.11595916748047,341.7145690917969,400.096923828125,32.115957870886874,329.6041564941406,155.037
-337.7136535644531,297.04147338867193,1052.8206787109375,-297.1580505371094,297.0414733886719,1006.8473510742188,-337.7796630859375,297.04147338867193,1052.8953857421875,101.165
