seam_x,seam_y,seam_z,interior,floor
148.7196502685547,400.0,2021.160888671875,173.253,35.061
-108.7760238647461,200.0,-1547.7899169921875,158.053,35.652
44.06881332397461,250.0,-2510.080078125,144.0,36.801
-126.97213745117188,250.0,-2274.662841796875,144.0,36.801
90.29450225830078,350.0,-2007.7911376953125,129.996,38.619
-148.7196502685547,400.0,2433.1123046875,90.0,49.497
148.7196502685547,400.0,2433.1123046875,90.0,49.497
