seam_x,seam_y,seam_z,init_x,init_y,init_z,dest_x,dest_y,dest_z,angle_deg
356.8087463378906,0.0,-1007.9700317382812,411.4655456542969,0.0,-1007.1512451171875,356.5887756347656,0.0,-1007.9733276367188,129.717
-313.95867919921875,0.0,-1007.9700317382812,-341.67529296875,0.0,-959.0490112304688,-313.8502197265625,0.0,-1008.1614990234375,120.932
-800.0,0.0,-1000.0,-751.83251953125,0.0,-966.7501831054688,-800.0820922851562,0.0,-1000.0567016601562,110.766
800.0,0.0,-1000.0,751.246826171875,0.0,-967.7003173828125,800.9833984375,0.0,-1000.6515502929688,110.95
