seam_x,seam_y,seam_z,init_x,init_y,init_z,dest_x,dest_y,dest_z,angle_deg
-1706.560546875,1.0,-150.0,-1747.5247802734375,1.0,-102.93067169189453,-1706.494873046875,1.0,-150.075439453125,97.934
-1706.560546875,1.0,150.0,-1753.0557861328125,1.0,103.7115249633789,-1706.404541015625,1.0,150.15525817871094,89.745
