seam_x,seam_y,seam_z,init_x,init_y,init_z,dest_x,dest_y,dest_z,angle_deg
-1550.0,1.0000020265579224,-6050.0,-1550.0,1.0000020265579224,-6101.0,-1549.9998779296875,1.0000020265579224,-6049.900390625,180.0
-1550.0,1.0000020265579224,-6350.0,-1550.0,1.0000020265579224,-6299.0,-1549.9998779296875,1.0000020265579224,-6350.1005859375,180.0
-1706.560546875,1.0000020265579224,-6350.0,-1698.9915771484375,1.0000020265579224,-6288.06201171875,-1706.5726318359375,1.0000020265579224,-6350.09912109375,97.934
-1706.560546875,1.0,-6050.0,-1707.8516845703125,1.0,-6115.59521484375,-1706.5584716796875,1.0,-6049.8974609375,89.745
