seam_x,seam_y,seam_z,interior,floor
2950.0,0.9999539852142334,-7750.0,180.0,35.0
3250.0,0.9999539852142334,-7750.0,180.0,35.0
2950.0,0.9999539852142334,-8050.0,90.0,49.497
3250.0,0.9999539852142334,-8050.0,90.0,49.497
2950.0,-3.9999998989515007e-05,-4798.54638671875,89.584,49.678
