seam_x,seam_y,seam_z,init_x,init_y,init_z,dest_x,dest_y,dest_z,angle_deg
4801.1572265625,1.0000375488516013,150.00003051757812,4841.74365234375,1.0000375509262085,102.87678527832031,4800.857421875,1.0000375488516013,150.3485565185547,98.524
4801.15771484375,1.0000372094395436,-149.99996948242188,4847.24169921875,1.0000371932983398,-103.65426635742188,4801.0869140625,1.0000372094395436,-150.07093811035156,90.325
