seam_x,seam_y,seam_z,interior,floor
-199.29779052734375,1.0,-13869.9775390625,180.0,35.0
94.70222473144531,1.0,-13869.9775390625,180.0,35.0
-199.29779052734375,1.0,-14169.9775390625,90.0,49.497
94.70222473144531,1.0,-14169.9775390625,90.0,49.497
94.70222473144531,-3.9999998989515007e-05,-13724.3408203125,89.812,49.579
