seam_x,seam_y,seam_z,interior,floor
150.0,-4.099999932805076e-05,-4650.0,180.0,35.0
-150.0,-4.099999932805076e-05,-4650.0,180.0,35.0
150.0,-4.099999932805076e-05,-4350.0,90.0,49.497
-150.0,-4.099999932805076e-05,-4350.0,90.0,49.497
-149.99984741210938,-3.9999998989515007e-05,-4798.54638671875,89.584,49.678
