seam_x,seam_y,seam_z,interior,floor
2950.0,0.9999579787254333,1550.0,180.0,35.0
3250.0,0.9999579787254333,1550.0,180.0,35.0
1701.1575927734375,3.9999998989515007e-05,-149.99996948242188,90.325,49.358
2950.0,0.9999579787254333,1850.0,90.0,49.497
3250.0,0.9999579787254333,1850.0,90.0,49.497
3250.0,0.0,-1402.26318359375,89.786,49.59
