seam_x,seam_y,seam_z,init_x,init_y,init_z,dest_x,dest_y,dest_z,angle_deg
4650.0,1.000033974647522,-149.99996948242188,4650.0,1.000033974647522,-98.99996948242188,4649.99951171875,1.000033974647522,-150.09999084472656,180.0
4650.0,1.0000333786010742,150.00003051757812,4650.0,1.0000333786010742,99.00003051757812,4649.99951171875,1.0000333786010742,150.1000213623047,180.0
4801.1572265625,1.0000375509262085,150.00003051757812,4841.74365234375,1.0000375509262085,102.87678527832031,4800.857421875,1.0000375509262085,150.3485565185547,98.524
4801.15771484375,1.0000371932983398,-149.99996948242188,4847.24169921875,1.0000371932983398,-103.65426635742188,4801.0869140625,1.0000371932983398,-150.07093811035156,90.325
