seam_x,seam_y,seam_z,interior,floor
-150.0,0.9999539852142334,1550.0,180.0,35.0
150.0,0.9999539852142334,1550.0,180.0,35.0
-150.0,0.9999539852142334,-1550.0,180.0,35.0
150.0,0.9999539852142334,-1550.0,180.0,35.0
-150.0,0.9999539852142334,1850.0,90.0,49.497
150.0,0.9999539852142334,1850.0,90.0,49.497
-150.0,0.9999539852142334,-1850.0,90.0,49.497
150.0,0.9999539852142334,-1850.0,90.0,49.497
-149.99984741210938,-3.9999998989515007e-05,1401.4534912109375,89.584,49.678
