seam_x,seam_y,seam_z,init_x,init_y,init_z,dest_x,dest_y,dest_z,angle_deg
4650.0,1.0000410079956055,-6050.0,4650.0,1.0000410079956055,-6101.0,4649.99951171875,1.0000410079956055,-6049.900390625,180.0
4650.0,1.0000410079956055,-6350.0,4650.0,1.0000410079956055,-6299.0,4649.99951171875,1.0000410079956055,-6350.1005859375,180.0
4801.1572265625,1.000037670135498,-6050.0,4841.74365234375,1.000037670135498,-6097.123046875,4800.70361328125,1.000037670135498,-6049.47265625,98.524
4801.15771484375,1.000040054321289,-6350.0,4800.97265625,1.000040054321289,-6284.642578125,4801.1591796875,1.000040054321289,-6350.22119140625,90.325
