seam_x,seam_y,seam_z,interior,floor
1550.0,0.9999600052833557,-9450.0,180.0,35.0
1550.0,0.9999600052833557,-9150.0,180.0,35.0
-1398.8426513671875,3.9999998989515007e-05,-9150.0,98.524,46.192
1850.0,0.9999600052833557,-9450.0,90.0,49.497
1850.0,0.9999600052833557,-9150.0,90.0,49.497
-149.99984741210938,-3.9999998989515007e-05,-7898.54638671875,89.584,49.678
