seam_x,seam_y,seam_z,init_x,init_y,init_z,dest_x,dest_y,dest_z,angle_deg
-150.0,1.0,-10850.0,-99.0,1.0,-10850.0,-150.1000213623047,1.0,-10849.9990234375,179.972
150.0,1.0,-10850.0,99.0,1.0,-10850.0,150.09999084472656,1.0,-10849.9990234375,180.0
