seam_x,seam_y,seam_z,init_x,init_y,init_z,dest_x,dest_y,dest_z,angle_deg
4801.1572265625,1.0000375488516267,-6050.0,4841.74365234375,1.0000375509262085,-6097.123046875,4800.70361328125,1.0000375488516267,-6049.47265625,98.524
4801.15771484375,1.0000400657170816,-6350.0,4800.97265625,1.000040054321289,-6284.642578125,4801.1591796875,1.0000400657170816,-6350.22119140625,90.325
