seam_x,seam_y,seam_z,init_x,init_y,init_z,dest_x,dest_y,dest_z,angle_deg
1393.439453125,1.0,-9450.0,1352.4752197265625,1.0,-9402.9306640625,1393.5040283203125,1.0,-9450.07421875,97.934
-149.9999237060547,1.0,-10702.263671875,-102.92164611816406,1.0,-10661.3623046875,-150.16592407226562,1.0,-10702.4072265625,98.032
150.0000762939453,0.9999625201781692,-7898.54638671875,102.93070220947266,0.9999625086784363,-7939.51025390625,150.61839294433594,0.9999625201781692,-7898.0087890625,97.935
-1398.8424072265625,1.0000400657373336,-9450.0,-1399.027587890625,1.000040054321289,-9384.642578125,-1398.842041015625,1.0000400657373336,-9450.1064453125,90.325
150.0000762939453,1.0,-10702.263671875,148.9777069091797,1.0,-10636.681640625,150.00161743164062,1.0,-10702.3642578125,89.786
1393.439453125,1.0,-9150.0,1392.1483154296875,1.0,-9215.595703125,1393.44140625,1.0,-9149.900390625,89.745
