seam_x,seam_y,seam_z,init_x,init_y,init_z,dest_x,dest_y,dest_z,angle_deg
-1709.5465087890625,1.0,-9451.271484375,-1701.9775390625,1.0,-9389.333984375,-1709.5587158203125,1.0,-9451.37109375,97.934
-1709.5465087890625,1.0,-9151.271484375,-1710.837646484375,1.0,-9216.8671875,-1709.5445556640625,1.0,-9151.171875,89.745
