seam_x,seam_y,seam_z,init_x,init_y,init_z,dest_x,dest_y,dest_z,angle_deg
-0.0009159999899566174,600.0000610351562,150.00021362304688,49.48915100097656,600.0000610351562,149.1361846923828,-0.10090076923370361,600.0000610351562,150.00193786621094,90.0
47.583370208740234,600.0000610351562,143.01239013671875,88.3101577758789,600.0000610351562,108.6217041015625,47.50700378417969,600.0000610351562,143.07687377929688,139.509
52.68341064453125,600.0000610351562,-182.12828063964844,103.51353454589844,600.0000610351562,-199.99520874023438,52.58909606933594,600.0000610351562,-182.0951385498047,135.036
3000.0,-900.0000610351562,0.0,3044.350341796875,-900.0000610351562,31.965900421142578,2999.9189453125,-900.0000610351562,-0.05847102776169777,129.674
50.91731262207031,600.0000610351562,-149.67982482910156,98.69746398925781,600.0000610351562,-121.72557067871094,50.83094787597656,600.0000610351562,-149.73036193847656,125.57
59.3508415222168,600.0000610351562,175.4608612060547,114.90032958984375,600.0000610351562,185.3377227783203,59.25239944458008,600.0000610351562,175.443359375,119.97
