seam_x,seam_y,seam_z,init_x,init_y,init_z,dest_x,dest_y,dest_z,angle_deg
-99.99908447265625,600.0000610351562,-150.0001983642578,-149.48907470703125,600.0000610351562,-149.1361083984375,-99.89910888671875,600.0000610351562,-150.00192260742188,90.0
-1100.0,4.2999985453207046e-05,1600.0001220703125,-1151.0,4.2999985453207046e-05,1600.0001220703125,-1099.9005126953125,4.2999985453207046e-05,1600.0006103515625,180.0
-1100.0,9.599998884368688e-05,-400.0,-1151.0,9.599998884368688e-05,-400.0,-1099.900146484375,9.599998884368688e-05,-400.0000305175781,180.0
-147.5833740234375,600.0000610351562,-143.01239013671875,-130.0720672607422,600.0000610351562,-92.6661376953125,-147.61614990234375,600.0000610351562,-143.10662841796875,139.509
-152.68341064453125,600.0000610351562,182.12828063964844,-203.5135498046875,600.0000610351562,199.9951934814453,-152.58929443359375,600.0000610351562,182.09518432617188,135.036
-150.91729736328125,600.0000610351562,149.67982482910156,-198.6974334716797,600.0000610351562,121.72557067871094,-150.20973205566406,600.0000610351562,150.0937957763672,125.57
-159.35086059570312,600.0000610351562,-175.4608612060547,-214.90036010742188,600.0000610351562,-185.3377227783203,-159.25242614746094,600.0000610351562,-175.44337463378906,119.969
