seam_x,seam_y,seam_z,init_x,init_y,init_z,dest_x,dest_y,dest_z,angle_deg
3000.000,-900.000,0.000,3031.77612,-900.00006,22.90289,2999.87817,-900.00003,-0.08771,129.67
