seam_x,seam_y,seam_z,init_x,init_y,init_z,dest_x,dest_y,dest_z,angle_deg
379.0498962402344,0.0,-255.4486083984375,329.21832275390625,0.0,-235.28271484375,379.1423645019531,0.0,-255.4860382080078,135.936
-322.4814147949219,0.0,-255.4486083984375,-272.30548095703125,0.0,-236.1554718017578,-322.6866760253906,0.0,-255.5275421142578,135.935
228.17697143554688,0.0,-411.3305358886719,207.10018920898438,0.0,-361.59893798828125,228.2158660888672,0.0,-411.4222717285156,134.065
-171.60850524902344,259.0364319051889,420.0399475097656,-150.53172302246094,259.03643798828125,370.308349609375,-171.64752197265625,259.0364319051889,420.13201904296875,134.065
228.17698669433594,94.95018768310547,420.0399475097656,207.10020446777344,94.95018768310547,370.308349609375,228.26283264160156,94.95018768310547,420.2424621582031,134.064
-235.2940673828125,0.0,1.5216310024261475,-190.41725158691406,0.0,-40.1165885925293,-235.36737060546875,0.0,1.589646577835083,101.433
379.0498962402344,0.0,-78.77501678466797,313.72296142578125,0.0,-77.85234832763672,379.14971923828125,0.0,-78.77642059326172,90.382
-66.7970199584961,0.0,1.758070945739746,-19.682079315185547,0.0,47.256439208984375,-67.55951690673828,0.0,1.0217342376708984,90.0
