seam_x,seam_y,seam_z,init_x,init_y,init_z,dest_x,dest_y,dest_z,angle_deg
181.946,95.122,361.444,154.96524,94.95019,385.03992,182.02814,94.95019,361.31799,90.00
-322.481,0.002,-255.449,-287.01791,0.00000,-241.09720,-322.62045,0.00000,-255.50488,135.94
379.050,0.002,-255.449,343.58640,0.00000,-241.09720,379.18900,0.00000,-255.50491,135.94
228.177,0.002,-411.331,213.14850,0.00000,-375.87018,228.23540,0.00000,-411.46835,134.06
228.177,0.002,420.040,213.14851,94.95019,384.57959,228.23557,94.95019,420.17813,134.06
-171.609,0.002,420.040,-159.20164,258.98608,379.37708,-171.65228,258.98609,420.18341,134.06
