seam_x,seam_y,seam_z,init_x,init_y,init_z,dest_x,dest_y,dest_z,angle_deg
-183.09100341796875,0.0,-38.97636795043945,-133.2600860595703,0.0,-18.804424285888672,-183.18374633789062,0.0,-39.01390838623047,135.923
-251.3203125,0.0,31.487445831298828,-197.3085479736328,0.0,31.52372932434082,-251.42031860351562,0.0,31.487377166748047,134.077
65.95001220703125,191.8325958251953,-445.36553955078125,112.26375579833984,191.8325958251953,-399.0519104003906,65.8792953491211,191.8325958251953,-445.43621826171875,90.0
