seam_x,seam_y,seam_z,init_x,init_y,init_z,dest_x,dest_y,dest_z,angle_deg
540.628173828125,191.83253479003906,-506.84417724609375,489.8222351074219,191.83253479003906,-502.39923095703125,540.7277221679688,191.83253479003906,-506.8529357910156,180.0
216.4910125732422,191.8325653076172,-503.1350402832031,267.4832458496094,191.8325653076172,-502.2449645996094,216.39100646972656,191.8325653076172,-503.1368103027344,179.972
-455.0184020996094,266.865478515625,-506.84320068359375,-404.0184020996094,266.865478515625,-506.8431701660156,-455.1184387207031,266.865478515625,-506.8432312011719,180.0
596.04345703125,191.83253479003906,-288.63739013671875,594.2636108398438,191.83253479003906,-237.66845703125,596.0469970703125,191.83253479003906,-288.73736572265625,180.0
425.975341796875,-275.0,297.8768615722656,425.97589111328125,-275.0,348.8768615722656,425.9753723144531,-275.0,297.7768249511719,180.0
425.9769592285156,-275.0,447.20184326171875,425.9764709472656,-275.0,396.20184326171875,425.97698974609375,-275.0,447.30181884765625,180.0
-183.09100341796875,0.0,-38.97636795043945,-133.2600860595703,0.0,-18.804424285888672,-183.18374633789062,0.0,-39.01390838623047,135.923
-251.3203125,0.0,31.487445831298828,-197.3085479736328,0.0,31.52372932434082,-251.42031860351562,0.0,31.487377166748047,134.077
65.9499740600586,329.55560302734375,-506.8437194824219,120.81600189208984,329.55560302734375,-503.00714111328125,65.85021209716797,329.55560302734375,-506.8507385253906,180.0
