seam_x,seam_y,seam_z,init_x,init_y,init_z,dest_x,dest_y,dest_z,angle_deg
-5221.441,-1000.000,3014.599,-5252.21973,-1000.00000,3032.36938,-5221.31299,-1000.00000,3014.52515,160.00
5221.440,-1000.000,-3014.599,5252.21826,-1000.00000,-3032.36914,5221.30908,-1000.00000,-3014.52344,160.00
2062.107,-1000.000,5665.592,2074.26196,-1000.00000,5698.98877,2062.04126,-1000.00000,5665.41406,160.00
