seam_x,seam_y,seam_z,init_x,init_y,init_z,dest_x,dest_y,dest_z,angle_deg
-335.360,-1000.000,-3100.000,-301.42084,-1000.00000,-3090.81885,-335.50497,-1000.00000,-3100.03931,169.09
-335.360,0.000,-3100.000,-301.42084,-1000.00000,-3090.81885,-335.50497,-1000.00000,-3100.03931,169.09
277.414,-1000.000,-3100.000,243.38211,-1000.00000,-3090.13062,277.55862,-1000.00000,-3100.04199,162.04
277.414,0.000,-3100.000,243.38211,-1000.00000,-3090.13062,277.55862,-1000.00000,-3100.04199,162.04
-250.052,-1000.000,-3600.000,-220.19510,-1000.00000,-3564.61792,-250.14845,-1000.00000,-3600.11450,99.68
-250.052,0.000,-3600.000,-220.19510,-1000.00000,-3564.61792,-250.14845,-1000.00000,-3600.11450,99.68
214.319,-1000.000,-3600.000,183.12787,-1000.00000,-3564.62500,214.41870,-1000.00000,-3600.11230,97.19
214.319,0.000,-3600.000,183.12787,-1000.00000,-3564.62500,214.41870,-1000.00000,-3600.11230,97.19
