seam_x,seam_y,seam_z,interior,floor
-340.5600280761719,-800.0,-340.5601501464844,158.344,35.634
340.5600891113281,-800.0,-340.5601501464844,155.884,35.79
-691.3087158203125,-800.0,-9.200000204145908e-05,148.441,36.371
467.33062744140625,-800.0,-1822.684814453125,129.525,38.693
