seam_x,seam_y,seam_z,init_x,init_y,init_z,dest_x,dest_y,dest_z,angle_deg
-340.5600280761719,-885.3635864257812,-1822.684814453125,-378.6615905761719,-885.3635864257812,-1784.583251953125,-340.48931884765625,-885.3635864257812,-1822.7554931640625,135.0
1.2999999853491317e-05,-833.2406616210938,-481.6247253417969,49.60024642944336,-833.2406616210938,-502.67877197265625,-0.09203749150037766,-833.2406616210938,-481.585693359375,135.0
1.5999999959603883e-05,-879.6026000976562,-1681.6201171875,-2.6449713706970215,-879.6026000976562,-1628.5220947265625,0.04081224650144577,-879.6026000976562,-1682.440673828125,140.703
-481.6246032714844,-865.9022827148438,-2163.244873046875,-502.67864990234375,-865.9022827148438,-2113.64453125,-481.5386047363281,-865.9022827148438,-2163.44775390625,135.0
719.4201049804688,-851.9286499023438,60.299896240234375,747.7098999023438,-851.9286499023438,8.275459289550781,719.3724365234375,-851.9286499023438,60.3878059387207,108.16
