seam_x,seam_y,seam_z,init_x,init_y,init_z,dest_x,dest_y,dest_z,angle_deg
-340.5600280761719,-885.363714822372,-1822.684814453125,-378.6615905761719,-885.3637084960938,-1784.583251953125,-340.48931884765625,-885.363714822372,-1822.7554931640625,135.0
1.2999999853491317e-05,-833.240666201808,-481.6247253417969,49.60024642944336,-833.2406616210938,-502.67877197265625,-0.09203749150037766,-833.240666201808,-481.585693359375,135.0
1.5999999959603883e-05,-879.6023632381437,-1681.6201171875,-2.6449713706970215,-879.6023559570312,-1628.5220947265625,0.04081224650144577,-879.6023632381437,-1682.440673828125,140.703
-481.6246032714844,-865.9022158562022,-2163.244873046875,-502.67864990234375,-865.9022216796875,-2113.64453125,-481.5386047363281,-865.9022158562022,-2163.44775390625,135.0
467.33062744140625,-867.8030257834012,-1822.684814453125,446.8721008300781,-867.8030395507812,-1771.9620361328125,467.3680419921875,-867.8030257834012,-1822.777587890625,129.525
719.4201049804688,-851.9286330105625,60.299896240234375,747.7098999023438,-851.9286499023438,8.275459289550781,719.3724365234375,-851.9286330105625,60.3878059387207,108.16
