seam_x,seam_y,seam_z,init_x,init_y,init_z,dest_x,dest_y,dest_z,angle_deg
-130.630859375,0.0,2099.99951171875,-80.68653869628906,0.0,2112.338134765625,-131.19393920898438,0.0,2099.8603515625,161.805
