seam_x,seam_y,seam_z,interior,floor
148.7196502685547,400.0,2021.160888671875,173.253,35.061
864.5560302734375,200.0,-1620.2442626953125,157.1,35.711
44.06881332397461,250.0,-2510.080078125,144.0,36.801
-126.97213745117188,250.0,-2274.662841796875,144.0,36.801
602.13623046875,200.00001525878906,-1051.20068359375,114.801,41.545
-148.7196502685547,400.0,2433.1123046875,90.0,49.497
148.7196502685547,400.0,2433.1123046875,90.0,49.497
124.62130737304688,300.0,-370.5079040527344,88.337,50.232
