seam_x,seam_y,seam_z,init_x,init_y,init_z,dest_x,dest_y,dest_z,angle_deg
-801.9110107421875,0.0,2908.909423828125,-848.134521484375,0.0,2862.4384765625,-801.4179077148438,0.0,2909.4052734375,89.89
2908.909423828125,0.0,801.9110107421875,2862.4384765625,0.0,848.134521484375,2909.4052734375,0.0,801.4179077148438,89.89
-2901.287109375,0.0,-2900.742919921875,-2854.310546875,0.0,-2855.291259765625,-2902.736328125,0.0,-2902.14501953125,90.307
2900.742919921875,0.0,-2901.287109375,2855.291259765625,0.0,-2854.310546875,2902.14501953125,0.0,-2902.736328125,90.307
-2900.742919921875,0.0,2901.287109375,-2855.291259765625,0.0,2854.310546875,-2902.14501953125,0.0,2902.736328125,90.307
2901.287109375,0.0,2900.742919921875,2854.310546875,0.0,2855.291259765625,2902.736328125,0.0,2902.14501953125,90.307
-2908.909423828125,0.0,-801.9110107421875,-2862.4384765625,0.0,-848.134521484375,-2910.341796875,0.0,-800.4863891601562,89.89
801.9110107421875,0.0,-2908.909423828125,848.134521484375,0.0,-2862.4384765625,800.4863891601562,0.0,-2910.341796875,89.89
-798.3068237304688,0.0,799.5743408203125,-842.1751708984375,0.0,848.3887329101562,-796.875732421875,0.0,797.9818725585938,89.695
