seam_x,seam_y,seam_z,init_x,init_y,init_z,dest_x,dest_y,dest_z,angle_deg
-801.911,0.000,2908.909,-837.20367,0.00000,2873.42773,-801.80981,0.00000,2909.01123,89.89
2908.909,0.000,801.911,2873.42773,0.00000,837.20367,2909.01123,0.00000,801.80981,89.89
-2908.909,0.000,-801.911,-2873.42773,0.00000,-837.20367,-2909.12476,0.00000,-801.69696,89.89
801.911,0.000,-2908.909,837.20367,0.00000,-2873.42773,801.69696,0.00000,-2909.12476,89.89
