seam_x,seam_y,seam_z,interior,floor
4249.9951171875,-100.0,-3600.00537109375,180.0,35.0
4249.99560546875,-100.0,-3300.00537109375,180.0,35.0
6699.99609375,-350.0,-3050.009033203125,155.499,35.816
4599.9951171875,-350.0,-4250.00634765625,153.435,35.962
4299.99560546875,-350.0,-3950.006103515625,135.0,37.884
4299.99560546875,-350.0,-3600.006103515625,90.0,49.497
4299.99609375,-350.0,-3300.005859375,90.0,49.498
