seam_x,seam_y,seam_z,init_x,init_y,init_z,dest_x,dest_y,dest_z,angle_deg
3000.0,400.00003042174114,-3100.0,2999.13623046875,400.0000305175781,-3149.489990234375,3000.00146484375,400.00003042174114,-3099.9033203125,90.0
-100.0,4.3334700774061064e-06,-2300.0,-99.3799057006836,4.333469860284822e-06,-2353.322265625,-100.00119018554688,4.3334700774061064e-06,-2299.89892578125,139.333
-185.91476440429688,3.230555589152571e-06,-2400.0,-221.19850158691406,3.2305556487699505e-06,-2441.5556640625,-185.85003662109375,3.230555589152571e-06,-2399.923828125,130.667
300.0,500.0000000000105,-3900.0,234.50253295898438,500.0,-3900.0,300.0999755859375,500.0000000000105,-3899.999755859375,90.0
600.0000610351562,399.99967174853253,-1900.000244140625,553.6863403320312,399.9996643066406,-1946.31396484375,600.07080078125,399.99967174853253,-1899.9295654296875,90.0
900.0,5.8832215416258065e-06,-2400.0,853.686279296875,5.883221547264839e-06,-2446.313720703125,900.0707397460938,5.8832215416258065e-06,-2399.92919921875,90.0
1700.0001220703125,2.5858371036582406e-06,-3900.0,1653.6864013671875,2.585837137303315e-06,-3853.686279296875,1700.0706787109375,2.5858371036582406e-06,-3900.071044921875,90.0
3000.0,799.9996948242188,-3500.0,2953.686279296875,799.9996948242188,-3453.686279296875,3000.07080078125,799.9996948242188,-3500.07080078125,90.0
200.0,9.421077440791432e-06,-1900.0001220703125,246.31370544433594,9.421077265869826e-06,-1946.3138427734375,199.92926025390625,9.421077440791432e-06,-1899.9293212890625,90.0
