seam_x,seam_y,seam_z,init_x,init_y,init_z,dest_x,dest_y,dest_z,angle_deg
-1400.0,0.0,5200.0,-1446.9927978515625,0.0,5199.1796875,-1399.900146484375,0.0,5200.00146484375,180.0
-1380.0,0.0,5200.0,-1380.8900146484375,0.0,5149.0078125,-1380.0001220703125,0.0,5200.0927734375,180.0
