seam_x,seam_y,seam_z,init_x,init_y,init_z,dest_x,dest_y,dest_z,angle_deg
6700.0,-1385.0,9400.0,6667.2568359375,-1385.0,9355.6455078125,6700.06591796875,-1385.0,9400.0888671875,126.87
6850.0,-1385.0,9600.0,6851.5537109375,-1385.0,9543.1279296875,6849.9970703125,-1385.0,9600.103515625,143.13
5500.0,-1149.9998779296875,8499.9990234375,5453.68603515625,-1149.9998779296875,8546.3125,5500.06982421875,-1149.9998779296875,8499.9296875,90.0
