seam_x,seam_y,seam_z,init_x,init_y,init_z,dest_x,dest_y,dest_z,angle_deg
1600.0,-1200.0,7300.0,1594.625244140625,-1200.0,7350.9814453125,1600.00927734375,-1200.0,7299.908203125,165.964
1400.0,-1200.0,8150.0,1393.736328125,-1200.0,8099.1201171875,1400.0123291015625,-1200.0,8150.09912109375,165.964
1600.0,-1200.0,8100.0,1592.849365234375,-1200.0,8049.23681640625,1600.0140380859375,-1200.0,8100.10009765625,165.964
1400.0,-1200.0,7250.0,1394.6253662109375,-1200.0,7300.9814453125,1400.1497802734375,-1200.0,7248.580078125,165.964
