seam_x,seam_y,seam_z,init_x,init_y,init_z,dest_x,dest_y,dest_z,angle_deg
3200.000,-1800.000,4400.000,3164.51562,-1800.00012,4390.95166,3200.29565,-1800.00012,4400.07568,151.39
