seam_x,seam_y,seam_z,init_x,init_y,init_z,dest_x,dest_y,dest_z,angle_deg
-3000.0,-5700.0,999.9993286132812,-3046.313720703125,-5700.0,953.6856689453125,-2999.929443359375,-5700.0,1000.070068359375,90.0
-2500.0,-5500.0,-800.0,-2546.313720703125,-5500.0,-753.686279296875,-2499.929443359375,-5500.0,-800.0706787109375,90.0
