seam_x,seam_y,seam_z,init_x,init_y,init_z,dest_x,dest_y,dest_z,angle_deg
-1400.0,200.0,200.0,-1446.9927978515625,200.0,199.1797332763672,-1399.900146484375,200.0,200.00172424316406,180.0
-3700.0,199.99998474121094,-200.0,-3653.007080078125,199.99998474121094,-199.1797332763672,-3700.10009765625,199.99998474121094,-200.00173950195312,180.0
-1380.0,200.0,200.0,-1380.8900146484375,200.0,149.0077667236328,-1380.0001220703125,200.0,200.09976196289062,180.0
-3720.0009765625,200.0,200.0,-3719.11083984375,200.0,149.0077667236328,-3719.999755859375,200.0,200.0998077392578,180.0
-3720.0,200.0,-200.0,-3719.10986328125,200.0,-149.0077667236328,-3719.999755859375,200.0,-200.10011291503906,180.0
-1700.0,200.0,-400.0,-1765.487548828125,200.0,-398.8569030761719,-1699.9005126953125,200.0,-400.0017395019531,90.0
