seam_x,seam_y,seam_z,init_x,init_y,init_z,dest_x,dest_y,dest_z,angle_deg
700.0,2.9892594757306036e-06,3434.403076171875,649.511962890625,2.9892594284319784e-06,3421.314697265625,700.0967407226562,2.9892594757306036e-06,3434.427978515625,150.934
100.0,3.1213992100566476e-06,3835.21484375,150.41624450683594,3.121399231531541e-06,3849.2197265625,99.32544708251953,3.1213992100566476e-06,3835.027587890625,148.951
200.0,-5.5307987030580093e-08,5927.703125,150.1860809326172,-5.530798574682194e-08,5907.37451171875,200.09259033203125,-5.5307987030580093e-08,5927.74072265625,135.6
100.0,2.677223249969035e-06,3406.147216796875,149.76405334472656,2.677223164937459e-06,3385.363037109375,99.90772247314453,2.677223249969035e-06,3406.185546875,134.664
43.190040588378906,2.5556671217519827e-06,3350.0,63.646915435791016,2.555667151682428e-06,3300.199951171875,43.060848236083984,2.5556671217519827e-06,3350.314697265625,135.336
746.913330078125,2.912510079476495e-06,3350.0,718.21142578125,2.912510126407142e-06,3301.209228515625,746.9639892578125,2.912510079476495e-06,3350.086181640625,119.066
600.0,2.1403029167964173e-07,5850.0,646.313720703125,2.1403029393241013e-07,5803.6865234375,599.9292602539062,2.1403029167964173e-07,5850.07080078125,90.0
0.0,2.0257298498918195e-06,2300.0,46.313716888427734,2.025729827437317e-06,2346.313720703125,-0.07071074098348618,2.0257298498918195e-06,2299.929443359375,90.0
