seam_x,seam_y,seam_z,init_x,init_y,init_z,dest_x,dest_y,dest_z,angle_deg
5650.0,1400.0,5300.0,5637.1806640625,1400.0,5249.64404296875,5650.0517578125,1400.0,5300.20458984375,153.435
4850.0,1500.0,4800.0,4888.4326171875,1500.0,4837.767578125,4849.92822265625,1500.0,4799.93017578125,135.0
7450.0,1400.0,4800.0,7400.9677734375,1400.0,4777.65478515625,7450.73974609375,1400.0,4800.33740234375,135.0
4250.00048828125,1500.0,5400.0,4315.48779296875,1500.0,5398.85693359375,4249.900390625,1500.0,5400.00146484375,90.0
4750.00048828125,1499.9999999999998,5900.0,4750.00048828125,1500.0,5834.50244140625,4750.00048828125,1499.9999999999998,5900.10009765625,90.0
7550.00048828125,1500.0,5900.0,7552.2861328125,1500.0,5834.54248046875,7549.99267578125,1500.0,5900.2177734375,90.0
5450.0,1399.9999999999998,5399.99951171875,5493.41162109375,1400.0,5329.7578125,5449.951171875,1399.9999999999998,5400.07958984375,63.435
6850.0,1399.9999999999998,5399.99951171875,6806.58837890625,1400.0,5329.7578125,6850.0517578125,1399.9999999999998,5400.083984375,63.435
