seam_x,seam_y,seam_z,init_x,init_y,init_z,dest_x,dest_y,dest_z,angle_deg
5300.0,-750.0003051757812,8000.0,5253.6865234375,-750.0003051757812,7953.6865234375,5300.07080078125,-750.0003051757812,8000.07080078125,90.0
6500.0,-1000.0003051757814,6100.0,6453.6865234375,-1000.0003051757812,6146.3134765625,6500.07080078125,-1000.0003051757814,6099.92919921875,90.0
5750.0,-1400.0,7500.0,5703.6865234375,-1400.0,7453.6865234375,5750.07080078125,-1400.0,7500.07080078125,90.0
3700.0,-1000.0003051757812,6500.0,3746.313720703125,-1000.0003051757812,6453.6865234375,3699.92919921875,-1000.0003051757812,6500.07080078125,90.0
