seam_x,seam_y,seam_z,init_x,init_y,init_z,dest_x,dest_y,dest_z,angle_deg
3000.0,400.0000305175781,-3100.0,2999.13623046875,400.0000305175781,-3149.489990234375,3000.00146484375,400.0000305175781,-3099.9033203125,90.0
900.0,9.999999747378752e-06,-1900.0,849.0,9.999999747378752e-06,-1900.0,900.0999145507812,9.999999747378752e-06,-1899.9998779296875,180.0
-100.0,4.3334680412954185e-06,-2300.0,-99.3799057006836,4.3334680412954185e-06,-2353.322265625,-100.00119018554688,4.3334680412954185e-06,-2299.89892578125,139.333
-185.91476440429688,3.2305545119015733e-06,-2400.0,-221.19850158691406,3.2305545119015733e-06,-2441.5556640625,-185.85003662109375,3.2305545119015733e-06,-2399.923828125,130.667
900.0,5.883222911506891e-06,-2400.0,853.686279296875,5.883222911506891e-06,-2446.313720703125,900.0707397460938,5.883222911506891e-06,-2399.92919921875,90.0
1700.0001220703125,2.58583190770878e-06,-3900.0,1653.6864013671875,2.58583190770878e-06,-3853.686279296875,1700.0706787109375,2.58583190770878e-06,-3900.071044921875,90.0
200.0,9.421076356375124e-06,-1900.0001220703125,246.31370544433594,9.421076356375124e-06,-1946.3138427734375,199.92926025390625,9.421076356375124e-06,-1899.9293212890625,90.0
