seam_x,seam_y,seam_z,init_x,init_y,init_z,dest_x,dest_y,dest_z,angle_deg
900.000,0.000,-2400.000,865.00000,0.00001,-2435.00000,900.10608,0.00001,-2399.89404,90.00
1400.000,-15.000,-2700.000,1435.00000,-15.00000,-2664.99976,1399.89392,-15.00000,-2700.10571,90.00
2000.000,385.000,-2700.000,1965.00000,385.00003,-2665.00000,2000.10608,385.00002,-2700.10596,90.00
1700.000,-0.000,-3900.000,1664.64661,0.00000,-3864.64648,1700.10608,0.00000,-3900.10620,90.00
