seam_x,seam_y,seam_z,init_x,init_y,init_z,dest_x,dest_y,dest_z,angle_deg
1400.000,-1200.000,8150.000,1395.63025,-1200.00000,8114.50391,1400.01843,-1200.00000,8150.14893,165.96
