seam_x,seam_y,seam_z,init_x,init_y,init_z,dest_x,dest_y,dest_z,angle_deg
-4150.0,-5500.0,25.0,-4149.92236328125,-5500.0,-24.41982078552246,-4150.00048828125,-5500.0,25.099658966064453,135.0
-4150.0,-5500.000000000001,175.0,-4149.92236328125,-5500.0,224.419921875,-4150.00048828125,-5500.000000000001,174.90032958984375,135.0
-4150.0,-5500.000000000001,-725.0,-4149.92236328125,-5500.0,-675.5800170898438,-4150.00048828125,-5500.000000000001,-725.1007080078125,135.0
-3000.0,-5700.0,999.9993286132812,-3046.313720703125,-5700.0,953.6856689453125,-2999.929443359375,-5700.0,1000.070068359375,90.0
-2500.0,-5500.0,-800.0,-2546.313720703125,-5500.0,-753.686279296875,-2499.929443359375,-5500.0,-800.0706787109375,90.0
-3200.0,-5300.0,1400.0,-3246.313720703125,-5300.0,1353.686279296875,-3199.92919921875,-5300.0,1400.0706787109375,90.0
-3260.0,-5380.0,-860.0001831054688,-3325.49755859375,-5380.0,-860.0001831054688,-3259.89990234375,-5380.0,-860.0001831054688,90.0
