seam_x,seam_y,seam_z,init_x,init_y,init_z,dest_x,dest_y,dest_z,angle_deg
-3000.000,-5700.000,999.999,-3035.00000,-5700.00000,964.99939,-2999.89429,-5700.00000,1000.10535,90.00
-2500.000,-5700.000,-800.000,-2535.35352,-5500.00000,-764.64642,-2499.89404,-5500.00000,-800.10608,90.00
