seam_x,seam_y,seam_z,init_x,init_y,init_z,dest_x,dest_y,dest_z,angle_deg
4725.001,-1410.000,6900.000,4760.00146,-1410.00000,6935.00000,4724.89551,-1410.00000,6899.89404,90.00
5475.001,-1410.000,6900.000,5440.00146,-1410.00000,6935.00000,5475.10742,-1410.00000,6899.89404,90.00
4600.000,-1000.000,7500.000,4565.00000,-1400.00000,7465.00000,4600.10596,-1400.00000,7500.10596,90.00
4450.000,-1000.000,7500.000,4485.00000,-1400.00000,7465.00000,4449.89404,-1400.00000,7500.10596,90.00
5750.000,-1000.000,7500.000,5715.00000,-1400.00000,7465.00000,5750.10596,-1400.00000,7500.10596,90.00
5600.000,-1000.000,7500.000,5635.00000,-1400.00000,7465.00000,5599.89404,-1400.00000,7500.10596,90.00
