seam_x,seam_y,seam_z,init_x,init_y,init_z,dest_x,dest_y,dest_z,angle_deg
-1700.0,199.9999988680078,-400.0,-1765.487548828125,200.0,-398.8569030761719,-1699.9005126953125,199.9999988680078,-400.0017395019531,90.0
