seam_x,seam_y,seam_z,init_x,init_y,init_z,dest_x,dest_y,dest_z,angle_deg
6950.000,-1400.000,8949.999,6984.99951,-1400.00000,8984.99902,6949.89355,-1400.00000,8949.89258,90.00
6950.000,-1400.000,9250.000,6984.99951,-1400.00000,9215.00000,6949.89355,-1400.00000,9250.10645,90.00
7250.000,-1400.000,9250.000,7214.99951,-1400.00000,9215.00000,7250.10547,-1400.00000,9250.10645,90.00
7850.000,-1392.000,8950.000,7815.00000,-1392.00000,8985.00000,7850.10596,-1392.00001,8949.89355,90.00
7850.000,-1392.000,9250.000,7815.00000,-1392.00012,9215.00000,7850.10596,-1392.00010,9250.10645,90.00
7250.000,-1400.000,8949.999,7215.00000,-1400.00000,8984.99902,7250.10596,-1400.00000,8949.89258,90.00
5500.000,-1200.000,8500.000,5465.00000,-1149.99988,8535.00000,5500.10596,-1149.99989,8499.89355,90.00
