seam_x,seam_y,seam_z,init_x,init_y,init_z,dest_x,dest_y,dest_z,angle_deg
3200.0,-1800.0001220703125,4400.0,3149.49609375,-1800.0001220703125,4387.12158203125,3201.027099609375,-1800.0001220703125,4400.26220703125,151.39
1200.0,-1800.0,5500.0,1228.9447021484375,-1800.0,5451.24169921875,1199.460205078125,-1800.0,5500.9091796875,118.611
