seam_x,seam_y,seam_z,init_x,init_y,init_z,dest_x,dest_y,dest_z,angle_deg
-4607.1689453125,1744.06982421875,2345.390869140625,-4560.85546875,1744.06982421875,2391.70458984375,-4607.23974609375,1744.06982421875,2345.320068359375,90.0
-4607.1689453125,1744.06982421875,3910.646240234375,-4560.85546875,1744.06982421875,3864.33251953125,-4607.23974609375,1744.06982421875,3910.717041015625,90.0
-3019.84716796875,1744.06982421875,3910.648193359375,-3066.160888671875,1744.06982421875,3864.33447265625,-3019.7763671875,1744.06982421875,3910.718994140625,90.0
-3019.8447265625,1744.06982421875,2345.39111328125,-3066.158447265625,1744.06982421875,2391.704833984375,-3019.77392578125,1744.06982421875,2345.3203125,90.0
