seam_x,seam_y,seam_z,init_x,init_y,init_z,dest_x,dest_y,dest_z,angle_deg
-1079.263427734375,-3.7999998312443495e-05,1362.10546875,-1113.0723876953125,-3.7999998312443495e-05,1394.75439453125,-1079.191650390625,-3.7999998312443495e-05,1362.035888671875,180.0
-1362.1058349609375,-3.7999998312443495e-05,1079.2625732421875,-1395.33984375,-3.7999998312443495e-05,1112.49658203125,-1362.03515625,-3.7999998312443495e-05,1079.19189453125,180.0
-2988.451171875,-3.7999998312443495e-05,2281.34423828125,-2938.669189453125,-3.7999998312443495e-05,2260.723876953125,-2988.539794921875,-3.7999998312443495e-05,2281.381103515625,135.0
-867.1314086914062,-3.7999998312443495e-05,1574.2374267578125,-916.5460205078125,-3.7999998312443495e-05,1595.7235107421875,-867.0406494140625,-3.7999998312443495e-05,1574.1978759765625,135.0
-2988.450927734375,-3.7999998312443495e-05,1574.237548828125,-2938.6689453125,-3.7999998312443495e-05,1594.85791015625,-2988.54345703125,-3.7999998312443495e-05,1574.1990966796875,135.0
-2281.34423828125,-3.7999998312443495e-05,867.1307373046875,-2259.858154296875,-3.7999998312443495e-05,916.5453491210938,-2281.38427734375,-3.7999998312443495e-05,867.0389404296875,135.0
-1574.2376708984375,-3.7999998312443495e-05,867.130615234375,-1594.8580322265625,-3.7999998312443495e-05,916.9127197265625,-1574.198974609375,-3.7999998312443495e-05,867.0374145507812,135.0
-1574.2384033203125,-3.7999998312443495e-05,2988.450927734375,-1595.7244873046875,-3.7999998312443495e-05,2939.036376953125,-1574.14990234375,-3.7999998312443495e-05,2988.654296875,135.0
-2281.344970703125,-3.7999998312443495e-05,2988.450927734375,-2260.724609375,-3.7999998312443495e-05,2938.6689453125,-2281.47509765625,-3.7999998312443495e-05,2988.7646484375,135.0
