seam_x,seam_y,seam_z,init_x,init_y,init_z,dest_x,dest_y,dest_z,angle_deg
-281056.65625,905.8582244125732,-214549.890625,-281018.5625,905.8582153320312,-214540.390625,-281056.75,905.8582244125732,-214549.921875,165.9
-274444.0625,496.23338486789504,-221731.6875,-274444.53125,496.2333984375,-221782.875,-274444.0625,496.23338486789504,-221731.59375,168.145
