seam_x,seam_y,seam_z,init_x,init_y,init_z,dest_x,dest_y,dest_z,angle_deg
-320029.09375,530.0000610351562,-100000.0,-320081.8125,530.0000610351562,-100000.71875,-320028.84375,530.0000610351562,-100000.0390625,144.824
