seam_x,seam_y,seam_z,init_x,init_y,init_z,dest_x,dest_y,dest_z,angle_deg
83.5416030883789,922.0886937416519,284980.90625,134.9160919189453,922.0886840820312,284984.78125,83.44188690185547,922.0886937416519,284980.90625,160.346
