seam_x,seam_y,seam_z,interior,floor
-80210.0,251.6699981689453,320003.75,179.895,35.0
-79960.0,251.6699981689453,320003.75,179.873,35.0
-82669.09375,511.6780700683594,320086.90625,178.894,35.002
-79579.078125,1816.1978759765625,318785.15625,177.979,35.005
-80210.0,251.6699981689453,319066.40625,90.0,49.497
-79960.0,251.6699981689453,319066.40625,90.0,49.497
