seam_x,seam_y,seam_z,interior,floor
298574.59375,-1000.0,99162.5859375,164.295,35.331
302859.1875,-1000.0,102883.578125,151.528,36.109
303903.25,550.0,102751.9296875,135.792,37.776
303950.8125,550.0,102796.7734375,135.789,37.777
303909.875,650.0,102729.0234375,135.769,37.78
303857.65625,550.0,102752.640625,134.222,37.992
303909.125,550.0,102888.625,134.222,37.992
303814.0,550.0,102798.921875,134.198,37.995
303952.78125,550.0,102842.34375,134.198,37.995
