seam_x,seam_y,seam_z,init_x,init_y,init_z,dest_x,dest_y,dest_z,angle_deg
-314983.375,914.6808431646998,19972.142578125,-314974.46875,914.6808471679688,19921.515625,-314983.40625,914.6808431646998,19972.240234375,162.592
