seam_x,seam_y,seam_z,interior,floor
-181824.109375,715.2825317382812,-201408.09375,180.0,35.0
-179175.3125,504.85870361328125,-201013.484375,96.476,46.922
-180958.828125,660.933837890625,-199116.640625,89.679,49.637
-179306.75,599.06396484375,-201053.953125,86.314,51.17
-181040.28125,696.867919921875,-199231.6875,79.508,54.731
