seam_x,seam_y,seam_z,interior,floor
278452.84375,1000.0,179582.5625,180.0,35.0
279034.9375,900.0,179369.46875,135.005,37.883
279012.96875,900.0,179316.4375,134.995,37.884
281318.84375,-1000.0,180335.421875,104.937,44.135
