seam_x,seam_y,seam_z,interior,floor
319919.90625,530.0,19859.39453125,163.963,35.346
319784.4375,630.0,20081.857421875,146.519,36.549
319998.78125,530.0,19728.853515625,137.701,37.528
319947.84375,530.0,19953.58203125,124.886,39.479
320057.3125,530.0,19953.58203125,119.488,40.52
320078.5,530.0,19759.7734375,111.199,42.419
319919.0625,530.0,19759.611328125,110.614,42.568
