seam_x,seam_y,seam_z,interior,floor
-320140.59375,530.0,-100078.5078125,167.309,35.216
-320140.59375,530.0,-99919.8984375,163.946,35.346
-319918.15625,630.0,-99784.4375,146.521,36.549
-320271.15625,530.0,-99998.7734375,137.675,37.531
-320046.40625,530.0,-99947.859375,124.902,39.476
-320046.40625,530.0,-100057.3125,119.49,40.519
-320240.21875,530.0,-100078.4921875,111.219,42.413
-320240.375,530.0,-99919.0625,110.635,42.563
