seam_x,seam_y,seam_z,interior,floor
-20078.5078125,530.0,180140.609375,167.305,35.216
-19919.89453125,530.0,180140.609375,163.942,35.346
-19784.435546875,630.0,179918.140625,146.519,36.549
-19998.77734375,530.0,180271.140625,137.703,37.527
-19947.85546875,530.0,180046.421875,124.901,39.476
-20057.30859375,530.0,180046.421875,119.494,40.518
-20078.490234375,530.0,180240.21875,111.212,42.415
-19919.064453125,530.0,180240.390625,110.618,42.567
