seam_x,seam_y,seam_z,interior,floor
180534.84375,-1000.0,280733.6875,167.48,35.21
179518.375,-1000.0,277836.75,162.485,35.413
180663.15625,-1000.0,277125.59375,151.522,36.109
180351.625,391.19989013671875,277337.1875,148.936,36.327
179125.640625,466.64971923828125,282283.40625,144.453,36.754
179440.0625,350.0381774902344,280786.53125,143.942,36.807
