seam_x,seam_y,seam_z,init_x,init_y,init_z,dest_x,dest_y,dest_z,angle_deg
120029.1015625,530.0,-80000.0,120081.8125,530.0,-79999.28125,120028.9921875,530.0,-79999.9921875,144.809
