seam_x,seam_y,seam_z,init_x,init_y,init_z,dest_x,dest_y,dest_z,angle_deg
-180215.562,630.000,-579918.156,-180248.35938,632.17786,-579902.00000,-180215.60938,632.17786,-579918.37500,146.50
-180000.000,530.000,-580029.094,-179999.48438,530.00000,-580065.87500,-179999.98438,530.00001,-580029.00000,144.94
