seam_x,seam_y,seam_z,init_x,init_y,init_z,dest_x,dest_y,dest_z,angle_deg
-20000.0,530.0,180029.109375,-20000.716796875,530.0,180081.828125,-20000.001953125,530.0,180028.984375,144.824
