seam_x,seam_y,seam_z,interior,floor
-118205.359375,-80.00000762939453,-182353.875,152.586,36.026
-116347.6171875,457.333740234375,-183045.859375,89.996,49.499
-116444.3671875,457.333740234375,-183174.75,89.994,49.5
