seam_x,seam_y,seam_z,init_x,init_y,init_z,dest_x,dest_y,dest_z,angle_deg
601156.719,1800.000,-599319.938,601183.87500,1800.00000,-599347.06250,601156.68750,1800.00000,-599319.87500,135.00
601134.750,1800.000,-599372.969,601173.12500,1800.00000,-599372.93750,601134.50000,1800.00000,-599373.00000,134.94
601284.750,1800.000,-599372.969,601246.37500,1800.00000,-599372.93750,601285.12500,1800.00000,-599372.93750,134.94
601209.750,1800.000,-599447.969,601209.75000,1800.00000,-599409.56250,601209.68750,1800.00006,-599448.37500,134.91
601262.781,1800.000,-599319.938,601235.62500,1800.00000,-599347.06250,601263.31250,1800.00000,-599319.37500,135.00
601262.781,1800.000,-599426.000,601235.62500,1800.00000,-599398.87500,601263.50000,1800.00004,-599426.75000,135.09
601156.719,1800.000,-599426.000,601184.93750,1800.00000,-599397.81250,601155.56250,1800.00004,-599427.18750,135.09
