seam_x,seam_y,seam_z,init_x,init_y,init_z,dest_x,dest_y,dest_z,angle_deg
220029.102,530.000,-180000.000,220066.31250,530.00000,-179999.50000,220028.93750,530.00001,-180000.01562,144.79
220240.227,530.000,-179921.508,220215.70312,530.00006,-179957.32812,220240.93750,530.00004,-179920.46875,111.21
