seam_x,seam_y,seam_z,interior,floor
-100585.609375,-1000.0000610351562,220732.890625,142.269,36.987
