seam_x,seam_y,seam_z,interior,floor
-120710.359375,1100.0,99045.8046875,179.587,35.0
-121093.171875,1100.0,99551.1015625,164.156,35.337
-120472.734375,550.0,98855.703125,154.35,35.896
-120987.453125,1595.7706298828125,100136.0859375,93.828,47.924
-119848.8046875,1269.08984375,99035.78125,79.292,54.855
