seam_x,seam_y,seam_z,interior,floor
180176.96875,1767.94970703125,-119677.1328125,179.983,35.0
180080.828125,1767.94970703125,-119590.3984375,180.0,35.0
179710.84375,2109.260009765625,-120171.2421875,162.173,35.428
180840.671875,515.7799682617188,-119525.015625,160.747,35.5
180026.953125,1082.084716796875,-120718.953125,154.04,35.918
179626.828125,1744.8033447265625,-120100.7265625,149.247,36.299
180048.75,2121.704345703125,-119820.96875,148.611,36.355
180061.9375,2121.797607421875,-120128.8984375,146.308,36.569
