seam_x,seam_y,seam_z,interior,floor
-201487.421875,-27.89219856262207,2163.051513671875,180.0,35.0
-201471.953125,-19.803924560546875,2179.0,180.0,35.0
