seam_x,seam_y,seam_z,interior,floor
-180593.375,1014.7824096679688,80583.484375,172.516,35.075
-180388.234375,-1389.860107421875,78551.109375,150.0,36.235
-179611.765625,-1389.860107421875,81448.890625,149.999,36.235
-180809.15625,1014.7824096679688,80212.671875,141.415,37.082
-180256.625,-1389.860107421875,81143.765625,90.0,49.497
-180256.625,-1389.860107421875,80850.6171875,90.0,49.497
-180312.0,-1389.860107421875,80720.0,90.0,49.497
-179688.0,-1389.860107421875,80720.0,90.0,49.497
