seam_x,seam_y,seam_z,interior,floor
120140.609375,530.0,-79921.4921875,167.309,35.216
120140.609375,530.0,-80080.109375,163.937,35.347
119918.140625,630.0,-80215.5625,146.519,36.549
120271.1484375,530.0,-80001.21875,137.699,37.528
120046.421875,530.0,-80052.140625,124.914,39.474
120046.421875,530.0,-79942.6875,119.497,40.517
120240.2265625,530.0,-79921.5078125,111.212,42.415
120240.390625,530.0,-80080.9375,110.623,42.566
