seam_x,seam_y,seam_z,init_x,init_y,init_z,dest_x,dest_y,dest_z,angle_deg
-620029.094,530.000,-200000.000,-620065.87500,530.00000,-200000.51562,-620028.50000,530.00001,-199999.96875,144.94
