seam_x,seam_y,seam_z,init_x,init_y,init_z,dest_x,dest_y,dest_z,angle_deg
-401154.906,520.000,-619378.812,-401193.12500,520.00000,-619381.31250,-401154.75000,520.00000,-619378.75000,135.51
-401205.172,520.000,-619275.469,-401228.31250,520.00000,-619308.87500,-401204.78125,520.00000,-619274.87500,121.33
-401183.656,520.000,-619464.562,-401210.50000,520.00000,-619433.18750,-401183.56250,520.00000,-619464.68750,118.21
-401376.609,520.000,-619351.656,-401334.59375,520.00000,-619359.00000,-401376.93750,520.00000,-619351.62500,112.27
-401316.375,520.000,-619487.188,-401295.21875,520.00000,-619447.68750,-401316.46875,520.00000,-619487.37500,104.29
