seam_x,seam_y,seam_z,init_x,init_y,init_z,dest_x,dest_y,dest_z,angle_deg
-80215.5625,632.1778564453125,-279918.15625,-80262.71875,632.1778564453125,-279894.96875,-80215.484375,632.1778564453125,-279918.21875,146.521
-80000.0,530.0000132162439,-280029.09375,-79999.28125,530.0,-280081.8125,-80000.0234375,530.0000132162439,-280028.78125,144.824
-80001.21875,530.0000475109948,-280271.15625,-80001.265625,530.0000610351562,-280217.625,-80001.2265625,530.0000475109948,-280271.3125,137.675
