seam_x,seam_y,seam_z,interior,floor
-79921.4921875,530.0,-280140.59375,167.309,35.216
-80080.109375,530.0,-280140.59375,163.937,35.347
-80215.5625,630.0,-279918.15625,146.521,36.549
-80001.21875,530.0,-280271.15625,137.675,37.531
-80052.140625,530.0,-280046.40625,124.907,39.475
-79942.6875,530.0,-280046.40625,119.49,40.519
-79921.5078125,530.0,-280240.21875,111.221,42.413
-80080.9375,530.0,-280240.375,110.637,42.562
