seam_x,seam_y,seam_z,interior,floor
80610.734375,-960.0,222290.75,176.311,35.018
78180.40625,60.000003814697266,221073.890625,161.127,35.48
79247.2890625,693.813232421875,219988.625,152.724,36.015
79773.8828125,-960.0,220604.203125,131.334,38.412
78646.1328125,-960.0,219991.046875,97.041,46.717
80916.71875,-1000.0,220146.671875,95.251,47.377
78275.7734375,-993.073974609375,219872.9375,92.827,48.32
79139.828125,701.7500610351562,219558.09375,75.931,56.893
