seam_x,seam_y,seam_z,init_x,init_y,init_z,dest_x,dest_y,dest_z,angle_deg
120029.1015625,530.0000132174197,-80000.0,120081.8125,530.0,-79999.28125,120028.9921875,530.0000132174197,-79999.9921875,144.809
119918.140625,632.1778564453125,-80215.5625,119894.9609375,632.1778564453125,-80262.71875,119918.359375,632.1778564453125,-80215.1328125,146.519
120271.1484375,530.000047510699,-80001.21875,120217.6171875,530.0000610351562,-80001.265625,120271.2734375,530.000047510699,-80001.234375,137.699
120240.2265625,530.0000353577263,-79921.5078125,120207.21875,530.0000610351562,-79969.703125,120240.3828125,530.0000353577263,-79921.2890625,111.212
