seam_x,seam_y,seam_z,interior,floor
298544.46875,1100.0,-201837.359375,89.985,49.504
