seam_x,seam_y,seam_z,init_x,init_y,init_z,dest_x,dest_y,dest_z,angle_deg
-319918.15625,632.1778564453125,-99784.4375,-319894.96875,632.1778564453125,-99737.28125,-319918.09375,632.1778564453125,-99784.4921875,146.521
-320029.09375,530.0000132161152,-100000.0,-320081.8125,530.0,-100000.71875,-320028.84375,530.0000132161152,-100000.0390625,144.824
-320271.15625,530.0000475109975,-99998.7734375,-320217.625,530.0000610351562,-99998.7265625,-320271.28125,530.0000475109975,-99998.765625,137.675
-320240.21875,530.0000353553756,-100078.4921875,-320207.21875,530.0000610351562,-100030.296875,-320240.4375,530.0000353553756,-100078.765625,111.219
