seam_x,seam_y,seam_z,init_x,init_y,init_z,dest_x,dest_y,dest_z,angle_deg
-201154.90625,520.0,-319378.8125,-201208.609375,520.0,-319382.28125,-201154.828125,520.0,-319378.78125,135.527
-201295.578125,520.0,-319267.0,-201276.40625,520.0,-319318.40625,-201295.703125,520.0,-319266.625,128.395
-201205.171875,520.0,-319275.46875,-201237.140625,520.0,-319321.625,-201205.09375,520.0,-319275.3125,121.289
-201183.65625,520.0,-319464.5625,-201220.59375,520.0,-319421.4375,-201183.03125,520.0,-319465.3125,118.21
-201376.609375,520.0,-319351.65625,-201319.328125,520.0,-319361.65625,-201376.734375,520.0,-319351.65625,112.291
-201316.375,520.0,-319487.1875,-201287.890625,520.0,-319434.0,-201316.421875,520.0,-319487.28125,104.287
