seam_x,seam_y,seam_z,init_x,init_y,init_z,dest_x,dest_y,dest_z,angle_deg
-203778.453125,53.1533401844857,3024.224609375,-203794.578125,53.15333938598633,2975.841064453125,-203778.4375,53.1533401844857,3024.320556640625,179.313
-203802.796875,53.634332838015794,2942.93798828125,-203788.421875,53.634334564208984,2991.87158203125,-203802.828125,53.634332838015794,2942.843017578125,179.557
-204015.140625,30.589420191632225,3100.260498046875,-204027.875,30.589420318603516,3050.845458984375,-204015.125,30.589420191632225,3100.357421875,175.206
-204041.34375,30.932745832303976,3017.847900390625,-204022.515625,30.9327449798584,3065.294677734375,-204041.4375,30.932745832303976,3017.64404296875,174.148
-203091.90625,120.92328516255394,2486.2275390625,-203143.125,120.92328643798828,2469.245361328125,-203091.8125,120.92328516255394,2486.259033203125,134.417
-201389.234375,-49.83883607195417,2093.8681640625,-201382.203125,-49.838836669921875,2031.4586181640625,-201389.234375,-49.83883607195417,2093.96728515625,96.798
-201375.40625,-44.91275573879663,2109.243896484375,-201307.421875,-44.91275405883789,2116.5,-201375.5,-44.91275573879663,2109.234130859375,83.882
