seam_x,seam_y,seam_z,init_x,init_y,init_z,dest_x,dest_y,dest_z,angle_deg
-214552.515625,908.9282226655976,181070.125,-214542.921875,908.92822265625,181032.046875,-214552.546875,908.9282226655976,181070.21875,165.901
