seam_x,seam_y,seam_z,init_x,init_y,init_z,dest_x,dest_y,dest_z,angle_deg
-279931.15625,-127.63617335865344,119764.2265625,-279926.4375,-127.63617706298828,119817.453125,-279931.1875,-127.63617335865344,119764.1328125,138.428
