seam_x,seam_y,seam_z,interior,floor
-320849.34375,575.8513793945312,298166.90625,120.016,40.411
-320771.0625,575.8513793945312,298125.21875,119.981,40.418
