seam_x,seam_y,seam_z,interior,floor
-100034.53125,305.0567932128906,-80344.1015625,111.237,42.409
-99983.265625,305.0567932128906,-80344.1015625,110.913,42.491
-100034.40625,320.0,-80355.984375,93.304,48.13
-99984.40625,319.9999694824219,-80355.984375,86.696,50.989
