seam_x,seam_y,seam_z,init_x,init_y,init_z,dest_x,dest_y,dest_z,angle_deg
-80000.0,530.0,-280029.09375,-79999.28125,530.0,-280081.8125,-80000.0234375,530.0,-280028.78125,144.824
