seam_x,seam_y,seam_z,init_x,init_y,init_z,dest_x,dest_y,dest_z,angle_deg
598065.906,-1000.000,-402066.094,598094.43750,-1000.00000,-402094.71875,598065.87500,-1000.00000,-402066.06250,120.06
597934.094,-1000.000,-401933.906,597905.56250,-1000.00000,-401905.28125,597934.18750,-1000.00000,-401933.93750,120.02
597909.812,-1000.000,-402024.031,597870.75000,-1000.00000,-402034.43750,597910.12500,-1000.00000,-402023.90625,119.97
598024.312,-1000.000,-401909.859,598034.81250,-1000.00000,-401870.84375,598023.93750,-1000.00000,-401911.25000,120.01
598424.250,537.500,-401858.578,598374.75000,1100.00000,-401858.56250,598424.37500,1100.00000,-401858.59375,89.98
598494.969,737.500,-400515.078,598495.00000,737.50000,-400564.56250,598495.00000,737.50000,-400514.90625,90.03
598459.625,537.500,-401893.938,598459.62500,1100.00000,-401943.43750,598459.62500,1100.00000,-401893.78125,90.01
