seam_x,seam_y,seam_z,init_x,init_y,init_z,dest_x,dest_y,dest_z,angle_deg
-203778.453125,53.154544830322266,3024.224609375,-203794.578125,53.154544830322266,2975.841064453125,-203778.4375,53.154544830322266,3024.320556640625,179.313
-203802.796875,53.634368896484375,2942.93798828125,-203788.421875,53.634368896484375,2991.87158203125,-203802.828125,53.634368896484375,2942.843017578125,179.557
-204015.140625,30.58989906311035,3100.260498046875,-204027.875,30.58989906311035,3050.845458984375,-204015.125,30.58989906311035,3100.357421875,175.206
-204041.34375,30.932538986206055,3017.847900390625,-204022.515625,30.932538986206055,3065.294677734375,-204041.4375,30.932538986206055,3017.64404296875,174.148
-203091.90625,120.92082977294922,2486.2275390625,-203143.125,120.92082977294922,2469.245361328125,-203091.8125,120.92082977294922,2486.259033203125,134.417
-201389.234375,-25.84400749206543,2093.8681640625,-201430.90625,-25.84400749206543,2046.8792724609375,-201388.203125,-25.84400749206543,2095.02099609375,96.798
-201375.40625,-44.914527893066406,2109.243896484375,-201307.421875,-44.914527893066406,2116.5,-201375.5,-44.914527893066406,2109.234130859375,83.882
