seam_x,seam_y,seam_z,init_x,init_y,init_z,dest_x,dest_y,dest_z,angle_deg
-19784.436,630.000,379918.141,-19751.63477,632.17786,379902.00000,-19784.57031,632.17786,379918.21875,146.50
-20000.000,530.000,380029.109,-20000.50586,530.00000,380066.31250,-19999.99414,530.00001,380028.90625,144.82
