seam_x,seam_y,seam_z,interior,floor
19825.056640625,301.66998291015625,-319996.25,180.0,35.0
20035.5859375,301.66998291015625,-319996.25,180.0,35.0
19799.615234375,201.6699981689453,-319100.0,127.9,38.958
20069.36328125,201.6699981689453,-319100.0,122.973,39.831
20035.5859375,301.66998291015625,-320933.59375,90.0,49.497
19825.056640625,301.66998291015625,-320933.59375,90.0,49.497
