seam_x,seam_y,seam_z,init_x,init_y,init_z,dest_x,dest_y,dest_z,angle_deg
-19784.435546875,632.1778564453125,179918.140625,-19737.275390625,632.1778564453125,179894.953125,-19784.529296875,632.1778564453125,179918.1875,146.519
-20000.0,530.0000132179593,180029.109375,-20000.716796875,530.0,180081.828125,-20000.001953125,530.0000132179593,180028.984375,144.824
-19998.77734375,530.0000475097748,180271.140625,-19998.7265625,530.0000610351562,180217.609375,-19998.779296875,530.0000475097748,180271.21875,137.703
-20078.490234375,530.000035356524,180240.21875,-20030.29296875,530.0000610351562,180207.21875,-20078.5859375,530.000035356524,180240.296875,111.212
