seam_x,seam_y,seam_z,interior,floor
-231.255126953125,1297.287109375,604.346923828125,179.925,35.0
-289.15106201171875,2109.260009765625,-171.24029541015625,162.173,35.428
366.8654479980469,393.2200012207031,-1085.1781005859375,161.347,35.469
-203.27149963378906,2236.69091796875,-237.35235595703125,158.784,35.609
-1020.602783203125,30.357479095458984,7.745856761932373,154.233,35.904
-1456.5802001953125,-499.9999694824219,-541.3052368164062,134.353,37.973
642.9562377929688,506.7219543457031,691.3045043945312,132.962,38.171
