seam_x,seam_y,seam_z,interior,floor
-1700.0,0.0,-2500.00244140625,180.0,35.0
-700.0,0.0,-2500.00244140625,180.0,35.0
500.0,0.0,-2500.00244140625,180.0,35.0
