seam_x,seam_y,seam_z,init_x,init_y,init_z,dest_x,dest_y,dest_z,angle_deg
-2500.0,0.0,-2500.00244140625,-2500.0,0.0,-2449.00244140625,-2500.000244140625,0.0,-2500.102783203125,180.0
2500.0,0.0,-2500.00244140625,2500.0,0.0,-2449.00244140625,2500.000244140625,0.0,-2500.102783203125,180.0
