seam_x,seam_y,seam_z,init_x,init_y,init_z,dest_x,dest_y,dest_z,angle_deg
75.0,-251.11743776859362,100.0,9.512500762939453,-251.117431640625,101.1430892944336,75.09998321533203,-251.11743776859362,99.99825286865234,90.0
75.0,-251.11739348409304,-3250.0,9.512500762939453,-251.1173858642578,-3251.14306640625,75.09998321533203,-251.11739348409304,-3249.998291015625,90.0
