seam_x,seam_y,seam_z,init_x,init_y,init_z,dest_x,dest_y,dest_z,angle_deg
-2555.669921875,1244.0523681640625,-47941.48828125,-2606.669921875,1244.0523681640625,-47941.48828125,-2555.5703125,1244.0523681640625,-47941.49609375,180.0
-2855.669921875,1244.05224609375,-47941.4921875,-2804.669921875,1244.05224609375,-47941.4921875,-2855.770263671875,1244.05224609375,-47941.49609375,180.0
-2555.669921875,1244.314208984375,-47891.56640625,-2606.662109375,1244.314208984375,-47890.67578125,-2555.330322265625,1244.314208984375,-47891.5703125,180.0
