seam_x,seam_y,seam_z,init_x,init_y,init_z,dest_x,dest_y,dest_z,angle_deg
-5150.8115234375,1244.0521240234375,-45346.14453125,-5201.8115234375,1244.0521240234375,-45346.14453125,-5150.7119140625,1244.0521240234375,-45346.1484375,180.0
-5450.81591796875,1244.0521240234375,-45346.14453125,-5399.81591796875,1244.0521240234375,-45346.14453125,-5450.91650390625,1244.0521240234375,-45346.1484375,179.972
-5450.81591796875,1244.0780029296875,-45296.14453125,-5449.92578125,1244.0780029296875,-45245.15234375,-5450.81787109375,1244.0780029296875,-45296.25,180.0
-4301.2265625,1245.557861328125,-43947.8046875,-4347.5400390625,1245.557861328125,-43901.4921875,-4301.1572265625,1245.557861328125,-43947.87109375,90.0
-5451.2314453125,1245.5369873046875,-42295.99609375,-5450.08837890625,1245.5369873046875,-42361.484375,-5451.23291015625,1245.5369873046875,-42295.89453125,90.0
-6298.8583984375,1244.66748046875,-43947.8046875,-6252.47314453125,1244.66748046875,-43901.5,-6298.92822265625,1244.66748046875,-43947.87109375,89.899
