seam_x,seam_y,seam_z,init_x,init_y,init_z,dest_x,dest_y,dest_z,angle_deg
44.23207473754883,1245.6082763671875,-47440.1015625,-6.752488136291504,1245.6082763671875,-47441.35546875,44.81189727783203,1245.6082763671875,-47440.0859375,179.979
-255.7679443359375,1245.6085205078125,-47440.1015625,-204.7757110595703,1245.6085205078125,-47440.9921875,-256.5878601074219,1245.6085205078125,-47440.08203125,179.972
