seam_x,seam_y,seam_z,init_x,init_y,init_z,dest_x,dest_y,dest_z,angle_deg
-5450.81591796875,1244.0521240234375,-45346.1484375,-5399.81591796875,1244.0521240234375,-45346.1484375,-5450.91650390625,1244.0521240234375,-45346.14453125,180.0
-5150.8115234375,1245.3214111328125,-45393.7734375,-5201.8037109375,1245.3214111328125,-45394.6640625,-5150.59228515625,1245.3214111328125,-45393.7734375,180.0
-5150.81103515625,1245.579833984375,-45346.1484375,-5185.6484375,1245.579833984375,-45397.1484375,-5150.81005859375,1245.579833984375,-45346.0546875,180.0
-5450.81591796875,1244.7415771484375,-45393.7734375,-5404.50244140625,1244.7415771484375,-45440.0859375,-5450.88623046875,1244.7415771484375,-45393.70703125,90.0
