seam_x,seam_y,seam_z,init_x,init_y,init_z,dest_x,dest_y,dest_z,angle_deg
-2555.669921875,1244.054289320732,-47991.4921875,-2621.199951171875,1244.0543212890625,-47992.6953125,-2554.73095703125,1244.054289320732,-47991.4921875,89.899
-1205.435546875,1245.5274440226144,-47989.12109375,-1251.7392578125,1245.5274658203125,-48035.5078125,-1204.517333984375,1245.5274440226144,-47988.19921875,89.899
-2855.669921875,1244.1357257297093,-47991.4921875,-2809.3662109375,1244.1357421875,-48037.87890625,-2856.927490234375,1244.1357257297093,-47990.234375,89.899
