seam_x,seam_y,seam_z,init_x,init_y,init_z,dest_x,dest_y,dest_z,angle_deg
-5450.81591796875,1244.7416015902645,-45393.7734375,-5404.50244140625,1244.7415771484375,-45440.0859375,-5450.88623046875,1244.7416015902645,-45393.70703125,90.0
