seam_x,seam_y,seam_z,init_x,init_y,init_z,dest_x,dest_y,dest_z,angle_deg
-4301.227,1245.580,-43947.805,-4336.22656,1245.56335,-43912.80469,-4301.12207,1245.56331,-43947.90625,90.00
-6298.858,1244.052,-43947.805,-6263.79688,1244.51733,-43912.80469,-6298.96338,1244.51728,-43947.90625,89.90
