seam_x,seam_y,seam_z,init_x,init_y,init_z,dest_x,dest_y,dest_z,angle_deg
200.000,0.000,280.000,164.64474,0.00000,244.98450,200.10612,0.00000,280.10513,90.55
