seam_x,seam_y,seam_z,init_x,init_y,init_z,dest_x,dest_y,dest_z,angle_deg
125.40451049804688,78.7069320678711,70.81465911865234,117.51887512207031,78.7069320678711,20.42798614501953,125.41997528076172,78.7069320678711,70.9134521484375,180.0
141.05474853515625,0.0,170.81466674804688,100.7039566040039,0.0,217.97161865234375,141.19778442382812,0.0,170.64749145507812,98.895
200.0,0.0,280.0,153.63180541992188,0.0,234.07737731933594,200.07102966308594,0.0,280.07037353515625,90.553
