seam_x,seam_y,seam_z,init_x,init_y,init_z,dest_x,dest_y,dest_z,angle_deg
125.40451049804688,21.187776565551758,70.81465911865234,117.51887512207031,21.187776565551758,20.42798614501953,125.41998291015625,21.187776565551758,70.9134521484375,180.0
177.2637939453125,4.925823304802179e-06,475.3062438964844,126.28960418701172,4.925823304802179e-06,472.7087707519531,177.9628448486328,4.925823304802179e-06,475.3418884277344,174.502
141.05474853515625,0.0,170.81466674804688,100.7039566040039,0.0,217.97161865234375,141.19778442382812,0.0,170.64749145507812,98.895
200.0,0.0,280.0,153.63180541992188,0.0,234.07737731933594,200.07102966308594,0.0,280.07037353515625,90.553
