seam_x,seam_y,seam_z,init_x,init_y,init_z,dest_x,dest_y,dest_z,angle_deg
-75.0,-300.2741012477649,-3150.0,-9.512500762939453,-300.27410888671875,-3148.85693359375,-75.09998321533203,-300.2741012477649,-3150.001708984375,90.0
75.0,-300.2741012477649,-3150.0,9.512500762939453,-300.27410888671875,-3148.85693359375,75.09998321533203,-300.2741012477649,-3150.001708984375,90.0
75.0,-300.0,0.0,9.502525329589844,-300.0,-4.010563785911657e-15,75.0999984741211,-300.0,6.123233849335533e-18,90.0
75.0,-300.00000093612914,100.0,9.502525329589844,-300.0,100.00000762939453,75.0999984741211,-300.00000093612914,100.0,90.0
75.0,149.72589805454922,1650.0,9.512500762939453,149.72589111328125,1651.14306640625,75.09998321533203,149.72589805454922,1649.998291015625,90.0
75.0,-300.2741012477649,-3250.0,9.512500762939453,-300.27410888671875,-3251.14306640625,75.09998321533203,-300.2741012477649,-3249.998291015625,90.0
