seam_x,seam_y,seam_z,init_x,init_y,init_z,dest_x,dest_y,dest_z,angle_deg
-2988.451,-0.000,-1574.238,-2953.45068,-0.00004,-1588.73511,-2988.58936,-0.00004,-1574.18005,135.00
-2281.345,-0.000,-2988.451,-2266.65625,-0.00004,-2952.98901,-2281.40088,-0.00004,-2988.58545,135.00
-2988.451,-0.000,-2281.344,-2952.98926,-0.00004,-2266.65552,-2988.58813,-0.00004,-2281.40112,135.00
-2281.344,-0.000,-867.131,-2266.65552,-0.00004,-902.59265,-2281.40552,-0.00004,-866.98309,135.00
