seam_x,seam_y,seam_z,init_x,init_y,init_z,dest_x,dest_y,dest_z,angle_deg
2988.451171875,-3.7999998312443495e-05,2281.34423828125,2938.669189453125,-3.7999998312443495e-05,2260.723876953125,2988.539794921875,-3.7999998312443495e-05,2281.381103515625,135.0
2988.450927734375,-3.7999998312443495e-05,1574.237548828125,2938.6689453125,-3.7999998312443495e-05,1594.85791015625,2988.542724609375,-3.7999998312443495e-05,1574.199462890625,135.0
1574.2376708984375,-3.79999983124435e-05,867.130615234375,1594.8580322265625,-3.7999998312443495e-05,916.9127197265625,1574.198974609375,-3.79999983124435e-05,867.0374145507812,135.0
2281.34423828125,-3.7999998312443495e-05,867.1307373046875,2261.595703125,-3.7999998312443495e-05,917.2650756835938,2281.38134765625,-3.7999998312443495e-05,867.036865234375,135.0
1574.2384033203125,-3.7999998312443495e-05,2988.450927734375,1593.98681640625,-3.7999998312443495e-05,2938.316650390625,1574.115234375,-3.7999998312443495e-05,2988.763427734375,135.0
2281.344970703125,-3.79999983124435e-05,2988.450927734375,2260.724609375,-3.7999998312443495e-05,2938.6689453125,2281.47509765625,-3.79999983124435e-05,2988.7646484375,135.0
867.1314086914062,-3.7999998312443495e-05,1574.2374267578125,917.2657470703125,-3.7999998312443495e-05,1593.98583984375,866.704345703125,-3.7999998312443495e-05,1574.069091796875,135.0
