seam_x,seam_y,seam_z,init_x,init_y,init_z,dest_x,dest_y,dest_z,angle_deg
323.663,1200.000,-17623.842,354.37857,1200.00098,-17605.75586,323.53406,1200.00093,-17623.91797,158.17
-323.664,1200.000,-17623.842,-354.37927,1200.00098,-17605.75586,-323.27527,1200.00093,-17624.07031,158.17
-300.000,375.000,-5300.410,-264.99997,375.00018,-5265.41016,-300.10605,375.00019,-5300.51611,90.00
299.999,375.000,-5300.410,264.99918,375.00027,-5265.41016,300.10526,375.00027,-5300.51611,90.00
925.000,400.000,-10350.820,889.99969,400.00015,-10315.82031,925.10571,400.00015,-10350.92773,90.00
-925.000,400.000,-10350.820,-889.99994,400.00015,-10315.82031,-925.10608,400.00015,-10350.92773,90.00
