seam_x,seam_y,seam_z,init_x,init_y,init_z,dest_x,dest_y,dest_z,angle_deg
4700.0,9.750523531693034e-06,-400.00006103515625,4765.4873046875,9.750523531693034e-06,-398.85693359375,4699.8994140625,9.750523531693034e-06,-400.0018005371094,90.0
