seam_x,seam_y,seam_z,init_x,init_y,init_z,dest_x,dest_y,dest_z,angle_deg
-1100.0001220703125,1.2646858267721725e-05,-400.0,-1146.3138427734375,1.264685852220282e-05,-353.686279296875,-1099.929443359375,1.2646858267721725e-05,-400.0706481933594,90.0
-1100.0001220703125,9.994211160848565e-06,400.0,-1146.3138427734375,9.994210813601967e-06,353.686279296875,-1099.929443359375,9.994211160848565e-06,400.0706481933594,90.0
-600.0,399.9998436620558,-200.0,-646.313720703125,399.9998474121094,-153.68629455566406,-599.9292602539062,399.9998436620558,-200.07070922851562,90.0
