seam_x,seam_y,seam_z,init_x,init_y,init_z,dest_x,dest_y,dest_z,angle_deg
900.0,0.0,1200.0,854.5016479492188,0.0,1247.1148681640625,900.0693969726562,0.0,1199.92822265625,90.0
