seam_x,seam_y,seam_z,init_x,init_y,init_z,dest_x,dest_y,dest_z,angle_deg
-1100.0001220703125,1.2646859431697521e-05,-400.0,-1146.3138427734375,1.2646859431697521e-05,-353.686279296875,-1099.929443359375,1.2646859431697521e-05,-400.0706481933594,90.0
-1100.0001220703125,9.994210813601967e-06,400.0,-1146.3138427734375,9.994210813601967e-06,353.686279296875,-1099.929443359375,9.994210813601967e-06,400.0706481933594,90.0
