seam_x,seam_y,seam_z,init_x,init_y,init_z,dest_x,dest_y,dest_z,angle_deg
900.0,0.0,1200.0,854.5016479492188,0.0,1247.1148681640625,900.0693969726562,0.0,1199.92822265625,90.0
500.0,399.99984366206263,1200.0,546.313720703125,399.9998474121094,1246.313720703125,499.9292907714844,399.99984366206263,1199.9293212890625,90.0
