seam_x,seam_y,seam_z,init_x,init_y,init_z,dest_x,dest_y,dest_z,angle_deg
-1100.000,0.000,-400.000,-1135.00012,0.00001,-365.00000,-1099.89404,0.00001,-400.10605,90.00
-1100.000,0.000,400.000,-1135.00012,0.00001,365.00000,-1099.89404,0.00001,400.10605,90.00
