seam_x,seam_y,seam_z,init_x,init_y,init_z,dest_x,dest_y,dest_z,angle_deg
500.0,0.0,-1200.0,546.313720703125,0.0,-1246.313720703125,499.9292297363281,0.0,-1199.9293212890625,90.0
900.0,399.99984366206263,-1200.0,853.686279296875,399.9998474121094,-1246.313720703125,900.0707397460938,399.99984366206263,-1199.9293212890625,90.0
