seam_x,seam_y,seam_z,init_x,init_y,init_z,dest_x,dest_y,dest_z,angle_deg
75.00001525878906,5.655802717085355e-05,-0.00010699999984353781,28.686304092407227,5.6558026699349284e-05,-46.313812255859375,75.0706787109375,5.655802717085355e-05,0.0706036314368248,90.0
-74.99999237060547,277.49493408203125,-0.00010699999984353781,-9.502513885498047,277.49493408203125,-0.00011605949111981317,-75.09999084472656,277.49493408203125,-0.00010698616824811324,90.0
-946.9168090820312,8.538304655886667e-05,-2323.876708984375,-889.130859375,8.538304973626509e-05,-2279.07275390625,-947.2802124023438,8.538304655886667e-05,-2324.158447265625,75.576
