seam_x,seam_y,seam_z,interior,floor
-1502.5120849609375,-0.05481699854135513,-4622.361328125,168.75,35.169
-1626.3076171875,-0.05477900058031082,-4000.00048828125,168.75,35.169
-1149.9736328125,-0.05477900058031082,-2850.027099609375,168.75,35.169
1149.9736328125,-0.05481699854135513,-2850.0263671875,168.75,35.169
