seam_x,seam_y,seam_z,init_x,init_y,init_z,dest_x,dest_y,dest_z,angle_deg
-1414.950927734375,0.006072932391516402,1455.4759521484375,-1377.402587890625,0.00607293238863349,1412.6378173828125,-1415.016845703125,0.006072932391516402,1455.5511474609375,142.47
