seam_x,seam_y,seam_z,init_x,init_y,init_z,dest_x,dest_y,dest_z,angle_deg
-75.01175689697266,-550.0,50.0,-28.698047637939453,-550.0,96.31370544433594,-75.08246612548828,-550.0,49.92928695678711,90.0
