seam_x,seam_y,seam_z,init_x,init_y,init_z,dest_x,dest_y,dest_z,angle_deg
-75.000,-550.000,-3125.000,-40.00000,-550.00000,-3090.00000,-75.10607,-550.00000,-3125.10571,90.00
-75.000,-550.000,-3150.000,-40.00000,-550.00000,-3115.00000,-75.10606,-550.00000,-3150.10596,90.00
75.000,-550.000,-3150.000,40.00000,-550.00000,-3115.00000,75.10606,-550.00000,-3150.10596,90.00
75.000,-550.000,-3250.000,40.00000,-549.99994,-3285.00000,75.10606,-549.99994,-3249.89380,90.00
