seam_x,seam_y,seam_z,interior,floor
-20333.361328125,-1000.0,25868.474609375,168.261,35.184
