seam_x,seam_y,seam_z,init_x,init_y,init_z,dest_x,dest_y,dest_z,angle_deg
-600.0,850.0,397.9671936035156,-600.0,850.0,448.9671936035156,-600.0000610351562,850.0,397.8671569824219,180.0
-560.082275390625,450.0,-654.9780883789062,-560.082275390625,450.0,-603.9780883789062,-560.0823364257812,450.0,-655.078125,180.0
-546.2734375,450.0,19.902437210083008,-505.9090576171875,450.0,64.55982208251953,-546.3405151367188,450.0,19.828250885009766,84.219
-537.3807373046875,450.0,388.37921142578125,-536.7682495117188,450.0,320.5928955078125,-537.3892822265625,450.0,389.31915283203125,85.035
846.2734375,450.0,21.791269302368164,846.1431884765625,450.0,89.9872055053711,846.2745971679688,450.0,21.21127700805664,84.219
