seam_x,seam_y,seam_z,init_x,init_y,init_z,dest_x,dest_y,dest_z,angle_deg
-403.801,0.000,397.130,-368.80078,450.00000,362.12955,-403.90686,450.00000,397.23563,90.00
-1000.000,-0.000,-750.000,-964.64636,400.00000,-714.64642,-1000.10602,400.00000,-750.10614,90.00
-1000.000,340.000,-750.000,-964.64636,400.00000,-714.64642,-1000.10602,400.00000,-750.10614,90.00
-546.273,450.000,19.902,-511.27344,450.00000,58.62490,-546.37402,450.00000,19.79116,84.22
