seam_x,seam_y,seam_z,init_x,init_y,init_z,dest_x,dest_y,dest_z,angle_deg
-546.2734375,450.0,19.902437210083008,-505.9090576171875,450.0,64.55982208251953,-546.3405151367188,450.0,19.828250885009766,84.219
-700.0000610351562,400.0,-750.0,-765.487548828125,400.0,-748.85693359375,-699.900146484375,400.0,-750.0018310546875,90.0
-740.7675170898438,10.869892694473856,-470.062255859375,-807.3652954101562,10.869893074035645,-470.94671630859375,-740.6675415039062,10.869892694473856,-470.0609130859375,87.522
-537.3807373046875,450.0,388.37921142578125,-536.7682495117188,450.0,320.5928955078125,-537.3892822265625,450.0,389.31915283203125,85.035
846.2734375,450.0,21.791269302368164,846.1431884765625,450.0,89.9872055053711,846.2745971679688,450.0,21.21127700805664,84.219
