seam_x,seam_y,seam_z,interior,floor
534.84375,-1120.0,733.682861328125,167.481,35.21
609.991455078125,-1120.0,-2163.24462890625,163.242,35.378
663.16162109375,-1120.0,-2874.39697265625,151.522,36.109
-137.664794921875,211.55349731445312,-3224.98779296875,140.395,37.2
-738.8671875,-1120.0,1111.46240234375,92.399,48.493
