seam_x,seam_y,seam_z,init_x,init_y,init_z,dest_x,dest_y,dest_z,angle_deg
3000.0,-2.628600486787036e-05,-1000.0,3000.0,-2.628600486787036e-05,-1051.0,3000.000244140625,-2.628600486787036e-05,-999.9000854492188,180.0
-500.0,8.220598829211667e-05,-2500.0,-551.0,8.220598829211667e-05,-2500.0,-499.9000244140625,8.220598829211667e-05,-2500.000244140625,180.0
-1500.0,-1.0821397609106498e-06,1.9999999949504854e-06,-1499.1099853515625,-1.0821397609106498e-06,-50.99222946166992,-1500.0018310546875,-1.0821397609106498e-06,0.09998676180839539,180.0
-1500.0,-1.8980008462676778e-06,500.0,-1500.0,-1.8980008462676778e-06,551.0,-1500.0001220703125,-1.8980008462676778e-06,499.89996337890625,180.0
500.0,-1.7959991964744404e-06,2000.0,449.0,-1.7959991964744404e-06,2000.0,500.0999755859375,-1.7959991964744404e-06,2000.0001220703125,180.0
3000.0,-2.7663001674227417e-05,500.0,3000.0,-2.7663001674227417e-05,551.0,3000.000244140625,-2.7663001674227417e-05,499.89996337890625,180.0
1500.0,2.0592000510077924e-05,-2500.0,1551.0,2.0592000510077924e-05,-2500.0,1499.89990234375,2.0592000510077924e-05,-2500.000244140625,180.0
1500.0,-1.0867001037695445e-05,2000.0,1551.0,-1.0867001037695445e-05,2000.0,1499.89990234375,-1.0867001037695445e-05,2000.0001220703125,180.0
