seam_x,seam_y,seam_z,init_x,init_y,init_z,dest_x,dest_y,dest_z,angle_deg
-500.0,3.763799998313121e-05,-2000.0,-546.313720703125,3.7638001231243834e-05,-1953.686279296875,-499.9293212890625,3.763799998313121e-05,-2000.070556640625,90.0
2500.0,-1.1684314583269255e-05,-1000.0,2453.686279296875,-1.168431481346488e-05,-1046.313720703125,2500.070556640625,-1.1684314583269255e-05,-999.9292602539062,90.0
-1000.0,5.427214310591123e-06,0.0,-953.686279296875,5.427214091469068e-06,-46.3137092590332,-1000.0706176757812,5.427214310591123e-06,0.0707106664776802,90.0
500.0,-4.212666812839726e-06,1500.0,453.686279296875,-4.212666681269184e-06,1453.686279296875,500.0706787109375,-4.212666812839726e-06,1500.070556640625,90.0
1500.0,-2.0397921629591815e-05,1500.0,1546.313720703125,-2.0397921616677195e-05,1453.686279296875,1499.92919921875,-2.0397921629591815e-05,1500.070556640625,90.0
2500.0,-8.602078183503381e-06,500.0,2453.686279296875,-8.602078196418006e-06,546.313720703125,2500.070556640625,-8.602078183503381e-06,499.92926025390625,90.0
1500.0,3.3684315841265744e-05,-2000.0,1546.313720703125,3.3684314985293895e-05,-1953.686279296875,1499.92919921875,3.3684315841265744e-05,-2000.0706787109375,90.0
-1000.0,1.4442354943658387e-06,500.0,-953.686279296875,1.444235522285453e-06,546.313720703125,-1000.0706787109375,1.4442354943658387e-06,499.92926025390625,90.0
