seam_x,seam_y,seam_z,init_x,init_y,init_z,dest_x,dest_y,dest_z,angle_deg
-91.79441833496094,-150.0,55.541385650634766,-89.01498413085938,-150.0,107.08635711669922,-91.80626678466797,-150.0,55.321739196777344,158.591
-268.83489990234375,-150.0,719.998779296875,-220.6763458251953,-150.0,700.7689208984375,-269.0390319824219,-150.0,720.080322265625,154.912
-310.9375,-150.0,684.3646850585938,-264.466552734375,-150.0,652.3550415039062,-311.019775390625,-150.0,684.42138671875,119.932
-262.5,-150.0,759.0120849609375,-220.6609649658203,-150.0,717.2584838867188,-262.5704345703125,-150.0,759.0823364257812,108.563
267.679443359375,-150.0,777.360107421875,228.42550659179688,-150.0,732.9323120117188,267.7456359863281,-150.0,777.4349975585938,107.918
250.0,0.0,-138.92356872558594,202.187255859375,0.0,-103.1632080078125,250.56082153320312,0.0,-139.34303283691406,106.413
-250.0,0.0,-200.0,-213.21420288085938,0.0,-152.3333282470703,-250.35418701171875,0.0,-200.4589385986328,104.683
-355.5823669433594,-150.0,120.29052734375,-305.373779296875,-150.0,156.55776977539062,-355.66339111328125,-150.0,120.23200225830078,99.266
200.0,0.0,-200.0,159.4087371826172,0.0,-152.87741088867188,200.0652618408203,0.0,-200.07574462890625,98.517
