seam_x,seam_y,seam_z,init_x,init_y,init_z,dest_x,dest_y,dest_z,angle_deg
-268.835,-150.000,719.999,-235.53555,-150.00000,706.70227,-268.97510,-150.00000,720.05481,154.91
-310.938,-150.000,684.365,-277.23138,-150.00000,661.14758,-311.06104,-150.00000,684.44983,119.93
-250.000,0.000,-200.000,-222.68398,0.00000,-164.60417,-250.09189,0.00000,-200.11905,104.68
-355.582,0.000,120.291,-317.93866,-150.00000,147.48177,-355.70398,-150.00000,120.20269,99.27
-355.582,-150.000,120.291,-317.93866,-150.00000,147.48177,-355.70398,-150.00000,120.20269,99.27
200.000,0.000,-200.000,169.52478,0.00000,-164.62117,200.09789,0.00000,-200.11362,98.52
