seam_x,seam_y,seam_z,init_x,init_y,init_z,dest_x,dest_y,dest_z,angle_deg
3100.0,0.0,1200.0,3050.510009765625,0.0,1200.8638916015625,3100.1015625,0.0,1199.998291015625,90.0
