seam_x,seam_y,seam_z,init_x,init_y,init_z,dest_x,dest_y,dest_z,angle_deg
-500.0,399.9998436620558,200.0,-453.686279296875,399.9998474121094,153.68629455566406,-500.0707092285156,399.9998436620558,200.07070922851562,90.0
4100.0,399.9998436620558,-200.0,4053.686279296875,399.9998474121094,-153.68629455566406,4100.07080078125,399.9998436620558,-200.07070922851562,90.0
500.0,399.9998436620607,-1100.0,546.313720703125,399.9998474121094,-1053.686279296875,499.9292907714844,399.9998436620607,-1100.0706787109375,90.0
3100.0,399.99982802830175,-1100.0,3053.686279296875,399.99981689453125,-1053.686279296875,3100.07080078125,399.99982802830175,-1100.0706787109375,90.0
