seam_x,seam_y,seam_z,init_x,init_y,init_z,dest_x,dest_y,dest_z,angle_deg
2700.0,0.0,-1200.0,2749.489990234375,0.0,-1200.8638916015625,2699.8984375,0.0,-1199.998291015625,90.0
