seam_x,seam_y,seam_z,init_x,init_y,init_z,dest_x,dest_y,dest_z,angle_deg
4200.0,399.9998436620558,200.0,4246.3134765625,399.9998474121094,153.68629455566406,4199.92919921875,399.9998436620558,200.07070922851562,90.0
4700.0,9.750524283995944e-06,-400.00006103515625,4765.4873046875,9.750524441187736e-06,-398.85693359375,4699.8994140625,9.750524283995944e-06,-400.0018005371094,90.0
