seam_x,seam_y,seam_z,init_x,init_y,init_z,dest_x,dest_y,dest_z,angle_deg
684.1516723632812,0.00015300000086426735,1184.985107421875,663.3030395507812,0.00015300000086426735,1138.232421875,684.1925659179688,0.00015300000086426735,1185.076904296875,168.068
366.63580322265625,9.309711458627135e-05,-1368.3033447265625,353.1164855957031,9.309711458627135e-05,-1317.8485107421875,366.66180419921875,9.309711458627135e-05,-1368.400146484375,150.0
-122.21199798583984,0.00014892450417391956,1368.3031005859375,-116.22893524169922,0.00014892450417391956,1317.41259765625,-122.36385345458984,0.00014892450417391956,1369.592529296875,166.589
