seam_x,seam_y,seam_z,init_x,init_y,init_z,dest_x,dest_y,dest_z,angle_deg
3002.605712890625,785.2749363693798,-4492.40576171875,3022.354248046875,785.2749633789062,-4542.5400390625,3002.572021484375,785.2749363693798,-4492.32080078125,135.0
3002.605224609375,785.2749399671447,-6896.8037109375,3024.09130859375,785.2749633789062,-6847.38916015625,3002.568359375,785.2749399671447,-6896.88818359375,135.0
3998.539794921875,785.2765200465458,-6896.8037109375,3977.91943359375,785.2765502929688,-6847.021484375,3998.576171875,785.2765200465458,-6896.89111328125,135.0
4702.771484375,785.2776843219457,-6192.57177734375,4653.35693359375,785.2777099609375,-6171.0859375,4702.8583984375,785.2776843219457,-6192.60986328125,135.0
