seam_x,seam_y,seam_z,init_x,init_y,init_z,dest_x,dest_y,dest_z,angle_deg
-7705.8974609375,263.1600036621094,-9330.603515625,-7660.11767578125,263.1600036621094,-9377.3515625,-7705.96044921875,263.1600036621094,-9330.544921875,90.155
-6837.0068359375,229.41000366210938,-9621.712890625,-6882.8203125,229.41000366210938,-9574.9052734375,-6836.93994140625,229.41000366210938,-9621.779296875,90.001
-7703.83349609375,263.1600036621094,-8572.28125,-7656.984375,263.1600036621094,-8526.4072265625,-7703.9052734375,263.1600036621094,-8572.3505859375,89.835
-5380.55859375,229.41000366210938,-8345.31640625,-5334.74462890625,229.41000366210938,-8392.125,-5380.7041015625,229.41000366210938,-8345.16796875,89.999
-7703.83349609375,291.7206726074219,-9156.0,-7702.29638671875,291.7206726074219,-9090.2255859375,-7703.83447265625,291.7206726074219,-9156.1025390625,89.323
-7705.8974609375,293.5189208984375,-8745.0,-7705.14892578125,293.5189208984375,-8810.2001953125,-7705.9052734375,293.5189208984375,-8744.2919921875,90.685
