seam_x,seam_y,seam_z,init_x,init_y,init_z,dest_x,dest_y,dest_z,angle_deg
379.1177673339844,480.9100036621094,-17334.076171875,444.65606689453125,480.9100036621094,-17332.294921875,378.8977966308594,480.9100036621094,-17334.078125,89.85
-381.0218505859375,480.9100036621094,-17335.98828125,-381.6526794433594,480.9100036621094,-17270.5703125,-381.01727294921875,480.9100036621094,-17336.46484375,90.176
205.58851623535156,503.98358154296875,-17335.98828125,159.212646484375,503.98358154296875,-17290.12109375,206.59811401367188,503.98358154296875,-17336.984375,90.631
