seam_x,seam_y,seam_z,init_x,init_y,init_z,dest_x,dest_y,dest_z,angle_deg
-3935.452,229.420,-6896.599,-3920.76318,229.42001,-6861.13721,-3935.50391,229.42001,-6896.72412,135.00
-3935.452,520.000,-6896.599,-3920.76318,229.42001,-6861.13721,-3935.50391,229.42001,-6896.72412,135.00
-3080.503,229.420,-6896.599,-3095.19141,229.42001,-6861.13721,-3080.44531,229.42001,-6896.73730,135.00
-3080.503,520.000,-6896.599,-3095.19141,229.42001,-6861.13721,-3080.44531,229.42001,-6896.73730,135.00
-3080.503,229.420,-4832.569,-3095.19141,229.42001,-4868.03076,-3080.44531,229.42001,-4832.43066,135.00
-3080.503,520.000,-4832.569,-3095.19165,229.42001,-4868.03076,-3080.44531,229.42001,-4832.43066,135.00
