seam_x,seam_y,seam_z,init_x,init_y,init_z,dest_x,dest_y,dest_z,angle_deg
7432.045,57.259,-8893.954,7467.50732,263.16000,-8908.64258,7431.90527,263.16000,-8893.89551,135.00
5839.208,227.802,-9644.961,5873.82959,229.41563,-9680.33496,5839.11963,229.41563,-9644.88574,90.00
5709.331,227.802,-9643.565,5673.95654,229.41560,-9678.18750,5709.42236,229.41560,-9643.47656,90.00
5660.050,179.945,-8800.001,5625.05029,229.42001,-8765.00195,5660.15625,229.42001,-8800.10742,90.00
5840.604,227.802,-9515.083,5875.97803,229.41563,-9480.46094,5840.49756,229.41563,-9515.18848,90.00
5660.051,179.945,-9100.000,5625.05078,229.41997,-9135.00000,5660.15674,229.41997,-9099.89355,90.00
5710.728,227.802,-9513.688,5676.10596,229.41560,-9478.31348,5710.83984,229.41561,-9513.80957,90.00
