seam_x,seam_y,seam_z,init_x,init_y,init_z,dest_x,dest_y,dest_z,angle_deg
-3080.502685546875,229.42001342773438,-6896.59912109375,-3101.123046875,229.42001342773438,-6846.81689453125,-3080.464111328125,229.42001342773438,-6896.69189453125,135.0
-2475.96240234375,229.42001342773438,-6292.05810546875,-2525.376953125,229.42001342773438,-6270.572265625,-2475.869873046875,229.42001342773438,-6292.0986328125,135.0
-3080.502685546875,229.42001342773438,-4832.56884765625,-3101.123046875,229.42001342773438,-4882.35107421875,-3080.462646484375,229.42001342773438,-4832.47265625,135.0
-3935.451904296875,229.42001342773438,-6896.59912109375,-3914.83154296875,229.42001342773438,-6846.81689453125,-3935.4921875,229.42001342773438,-6896.69580078125,135.0
