seam_x,seam_y,seam_z,init_x,init_y,init_z,dest_x,dest_y,dest_z,angle_deg
-2621.402587890625,-326.5,-14140.513671875,-2642.02294921875,-326.5,-14090.7314453125,-2621.365966796875,-326.5,-14140.6015625,135.0
-3617.3369140625,-326.5,-11736.1162109375,-3596.716552734375,-326.5,-11785.8984375,-3617.374267578125,-326.5,-11736.0263671875,135.0
-2621.402587890625,-326.5,-11736.1142578125,-2642.02294921875,-326.5,-11785.896484375,-2621.36474609375,-326.5,-11736.0234375,135.0
-4321.568359375,-326.5,-13436.28125,-4271.7861328125,-326.5,-13415.6611328125,-4321.66064453125,-326.5,-13436.3203125,135.0
-3617.33642578125,-326.5,-14140.5126953125,-3596.716064453125,-326.5,-14090.73046875,-3617.375,-326.5,-14140.60546875,135.0
-1917.17041015625,-326.5,-13436.2802734375,-1966.5850830078125,-326.5,-13414.7939453125,-1916.309326171875,-326.5,-13436.6552734375,135.0
