seam_x,seam_y,seam_z,init_x,init_y,init_z,dest_x,dest_y,dest_z,angle_deg
-1946.865234375,229.42242431640625,-8797.2666015625,-1959.3175048828125,229.42242431640625,-8849.2021484375,-1946.7655029296875,229.42242431640625,-8797.2685546875,180.0
-3884.4833984375,1149.3885498046875,-8951.3662109375,-3838.169677734375,1149.3885498046875,-8905.052734375,-3884.554931640625,1149.3885498046875,-8951.4375,90.0
-1946.865234375,229.4224395751953,-9097.2666015625,-1988.80419921875,229.4224395751953,-9024.556640625,-1946.765380859375,229.4224395751953,-9097.271484375,180.0
