seam_x,seam_y,seam_z,init_x,init_y,init_z,dest_x,dest_y,dest_z,angle_deg
3998.540,785.277,-6896.804,3983.85107,785.27655,-6861.34180,3998.59961,785.27653,-6896.94775,135.00
3998.540,1086.303,-6896.804,3983.85107,785.27655,-6861.34180,3998.59961,785.27653,-6896.94775,135.00
