seam_x,seam_y,seam_z,init_x,init_y,init_z,dest_x,dest_y,dest_z,angle_deg
7772.072265625,620.0,-9402.888671875,7725.7587890625,620.0,-9356.5751953125,7772.14306640625,620.0,-9402.958984375,90.0
7772.072265625,620.0,-8485.08984375,7725.7587890625,620.0,-8531.4033203125,7772.14306640625,620.0,-8485.01953125,90.0
7566.1884765625,293.0718822767626,-9150.0,7565.30712890625,293.0718688964844,-9084.703125,7566.19775390625,293.0718822767626,-9150.7060546875,90.454
7564.12548828125,293.08079561447084,-8742.0029296875,7562.7216796875,293.080810546875,-8807.6806640625,7564.1552734375,293.08079561447084,-8740.59765625,89.551
