seam_x,seam_y,seam_z,init_x,init_y,init_z,dest_x,dest_y,dest_z,angle_deg
-3884.4833984375,1149.3885498046873,-8951.3662109375,-3838.169677734375,1149.3885498046875,-8905.052734375,-3884.554931640625,1149.3885498046873,-8951.4375,90.0
