seam_x,seam_y,seam_z,init_x,init_y,init_z,dest_x,dest_y,dest_z,angle_deg
-3070.0,-1992.1099853515627,1383.7972412109375,-3070.0166015625,-1992.1099853515625,1318.312255859375,-3070.0,-1992.1099853515627,1383.897216796875,90.029
3045.0,-1344.695556640625,-3027.202880859375,2998.686279296875,-1344.695556640625,-2980.88916015625,3045.07080078125,-1344.695556640625,-3027.273681640625,90.0
7410.0,-1309.242919921875,716.9617309570312,7363.68701171875,-1309.242919921875,670.641357421875,7410.07080078125,-1309.242919921875,717.032470703125,89.991
-3497.0,-1786.9428512348625,-713.8821411132812,-3497.008544921875,-1786.94287109375,-648.3910522460938,-3496.998779296875,-1786.9428512348625,-714.1024169921875,90.015
6032.87548828125,-2564.75390625,-1424.5506591796875,6098.36328125,-2564.75390625,-1423.40771484375,6031.4560546875,-2564.75390625,-1424.5753173828125,90.0
