seam_x,seam_y,seam_z,init_x,init_y,init_z,dest_x,dest_y,dest_z,angle_deg
-4024.388,130.304,-7874.747,-3989.38818,-1992.74487,-7909.74707,-4024.49414,-1992.74487,-7874.64111,90.00
-3014.388,130.304,-7874.747,-3049.38770,-1992.74487,-7909.74707,-3014.28174,-1992.74487,-7874.64111,90.00
