seam_x,seam_y,seam_z,init_x,init_y,init_z,dest_x,dest_y,dest_z,angle_deg
720.0,-295.03002929687506,-13540.0,673.686279296875,-295.030029296875,-13493.6865234375,720.0707397460938,-295.03002929687506,-13540.0703125,90.0
-850.0,-295.03002929687506,-12373.3154296875,-803.686279296875,-295.030029296875,-12419.62890625,-850.0707397460938,-295.03002929687506,-12373.2451171875,90.0
