seam_x,seam_y,seam_z,init_x,init_y,init_z,dest_x,dest_y,dest_z,angle_deg
-4666.748,-2079.046,946.937,-4631.74756,-2079.04639,981.93732,-4666.85352,-2079.04639,946.83124,90.00
-4666.748,-2079.046,483.548,-4631.74756,-2079.04639,448.54776,-4666.85352,-2079.04639,483.65384,90.00
-6150.349,-2052.167,946.880,-6115.34863,-2079.04639,981.91016,-6150.45459,-2079.04639,946.77399,89.95
-6150.349,-1777.097,946.880,-6115.34863,-2079.04639,981.91003,-6150.45459,-2079.04639,946.77386,89.95
-6150.349,-2079.046,946.880,-6115.34863,-2079.04639,981.91016,-6150.45459,-2079.04639,946.77399,89.95
