seam_x,seam_y,seam_z,init_x,init_y,init_z,dest_x,dest_y,dest_z,angle_deg
-5525.2529296875,-1541.1011962890625,12.102046012878418,-5508.28466796875,-1541.1011962890625,42.71373748779297,-5525.30078125,-1541.1011962890625,12.014582633972168,180.0
