seam_x,seam_y,seam_z,init_x,init_y,init_z,dest_x,dest_y,dest_z,angle_deg
5660.05029296875,229.41940307617188,-8800.0009765625,5613.736328125,229.41940307617188,-8753.6875,5660.12109375,229.41940307617188,-8800.0712890625,90.0
5660.05078125,229.41964721679688,-9100.0,5613.7373046875,229.41964721679688,-9146.314453125,5660.12158203125,229.41964721679688,-9099.9296875,89.999
7566.1884765625,293.0716857910156,-9150.0,7565.30712890625,293.0716857910156,-9084.703125,7566.19775390625,293.0716857910156,-9150.7060546875,90.454
7564.12548828125,293.08074951171875,-8742.0029296875,7562.7216796875,293.08074951171875,-8807.6806640625,7564.1552734375,293.08074951171875,-8740.59765625,89.551
