seam_x,seam_y,seam_z,init_x,init_y,init_z,dest_x,dest_y,dest_z,angle_deg
-4728.351,-1617.175,-1805.496,-4693.36523,-1617.17505,-1770.49597,-4728.45654,-1617.17505,-1805.60205,90.02
-5214.488,-1617.175,-2905.772,-5249.48779,-1617.17505,-2940.77246,-5214.38184,-1617.17505,-2905.66650,90.00
-5214.488,-1617.175,-1805.496,-5249.48779,-1617.17505,-1770.49597,-5214.38184,-1617.17505,-1805.60205,90.00
-4727.887,-1617.175,-2905.772,-4692.87256,-1617.17517,-2940.77246,-4727.99316,-1617.17517,-2905.66650,89.98
