seam_x,seam_y,seam_z,init_x,init_y,init_z,dest_x,dest_y,dest_z,angle_deg
-7703.833,217.424,-8572.281,-7668.41650,263.16000,-8537.60059,-7703.92139,263.16000,-8572.36621,89.83
-7705.897,217.424,-9330.604,-7671.31250,263.16000,-9365.91992,-7706.38916,263.16000,-9330.11328,90.16
