seam_x,seam_y,seam_z,interior,floor
166.9114227294922,2599.578125,12988.0712890625,180.0,35.0
-454.52105712890625,1001.1725463867188,10202.896484375,157.355,35.695
-982.3591918945312,987.0792236328125,11096.68359375,136.972,37.621
621.9254150390625,2599.577880859375,8830.1748046875,136.58,37.672
-1058.3369140625,987.0792236328125,11171.7802734375,130.131,38.598
