seam_x,seam_y,seam_z,init_x,init_y,init_z,dest_x,dest_y,dest_z,angle_deg
-1283.973,4005.994,-2144.418,-1311.34534,4005.99438,-2168.57129,-1283.85950,4005.99438,-2144.31860,178.04
-1386.972,3996.287,-2065.880,-1350.95166,4005.99438,-2101.45728,-1387.05469,4005.99438,-2065.79834,87.47
