seam_x,seam_y,seam_z,interior,floor
-1388.72998046875,6048.525390625,-7321.69775390625,180.0,35.0
-940.5636596679688,6048.525390625,-6873.52880859375,180.0,35.0
-1459.8448486328125,6048.525390625,-8113.35791015625,157.384,35.693
1289.3052978515625,9538.083984375,-7757.9599609375,124.66,39.519
-439.07733154296875,6051.59033203125,-9205.6611328125,90.145,49.435
-139.07762145996094,6051.59033203125,-9205.6611328125,90.133,49.44
-139.0768280029297,7448.28271484375,-9605.6611328125,90.0,49.497
-439.0768127441406,7448.28271484375,-9605.662109375,90.0,49.498
