seam_x,seam_y,seam_z,interior,floor
2011.8919677734375,4005.994384765625,-1491.369384765625,180.0,35.0
6106.99462890625,4203.64306640625,-1655.8660888671875,180.0,35.0
2060.855712890625,3996.28662109375,-1898.144287109375,92.638,48.396
