seam_x,seam_y,seam_z,interior,floor
-5345.75537109375,6012.3349609375,-2312.074951171875,180.0,35.0
-5342.6728515625,6011.20556640625,-2625.496337890625,180.0,35.0
-4118.0302734375,5603.146484375,-2011.5208740234375,180.0,35.0
-4282.45361328125,5610.31201171875,-2528.202880859375,164.152,35.337
-4282.69482421875,5610.31201171875,-2274.183837890625,154.97,35.852
-4028.081298828125,5609.69921875,-2852.2822265625,149.287,36.296
-2301.958251953125,5851.5986328125,-2244.183349609375,128.327,38.887
-4202.9462890625,5610.31201171875,-2807.26513671875,120.339,40.346
