seam_x,seam_y,seam_z,init_x,init_y,init_z,dest_x,dest_y,dest_z,angle_deg
6506.930,4089.031,-164.254,6541.93018,4100.00000,-129.25381,6506.82373,4100.00000,-164.35994,90.00
8642.657,3899.286,153.075,8607.65723,3899.32251,118.07458,8642.76367,3899.32255,153.18076,90.00
