seam_x,seam_y,seam_z,init_x,init_y,init_z,dest_x,dest_y,dest_z,angle_deg
1961.7772216796875,4005.994384765625,-1491.369140625,1962.2821044921875,4005.994384765625,-1542.36669921875,1961.776123046875,4005.994384765625,-1491.269287109375,180.0
6152.32373046875,4203.64306640625,-1356.3948974609375,6152.02734375,4203.64306640625,-1407.39404296875,6152.32470703125,4203.64306640625,-1356.2950439453125,180.0
1961.777587890625,4005.994384765625,-1791.620361328125,1962.17236328125,4005.994384765625,-1740.6219482421875,1961.7767333984375,4005.994384765625,-1791.720458984375,179.967
2144.41845703125,4005.994384765625,-1283.9725341796875,2183.283203125,4005.994384765625,-1317.5584716796875,2144.342529296875,4005.994384765625,-1283.906982421875,163.497
2008.8099365234375,4005.994384765625,-1792.400390625,2059.250244140625,4005.994384765625,-1806.344970703125,2008.7503662109375,4005.994384765625,-1792.320068359375,180.0
2144.41650390625,4005.994384765625,-2004.6839599609375,2184.8583984375,4005.994384765625,-1973.3780517578125,2143.290771484375,4005.994384765625,-2005.555419921875,169.654
6106.99609375,4203.85693359375,-1355.6148681640625,6059.22265625,4203.85693359375,-1327.479248046875,6107.037109375,4203.85693359375,-1355.7073974609375,179.964
2065.8798828125,4005.994384765625,-1386.9722900390625,2107.98388671875,4005.994384765625,-1340.891357421875,2065.65185546875,4005.994384765625,-1387.2215576171875,87.923
6152.32373046875,4203.66015625,-1656.64599609375,6101.2666015625,4203.66015625,-1621.3382568359375,6153.97509765625,4203.66015625,-1656.684814453125,179.996
