seam_x,seam_y,seam_z,init_x,init_y,init_z,dest_x,dest_y,dest_z,angle_deg
2065.8798828125,4005.9943847656255,-1386.9722900390625,2101.167724609375,4005.994384765625,-1350.9599609375,2065.643310546875,4005.9943847656255,-1387.213623046875,87.923
2144.41845703125,4005.994384765625,-1283.9725341796875,2183.283203125,4005.994384765625,-1317.5584716796875,2144.342529296875,4005.994384765625,-1283.906982421875,163.497
2144.41650390625,4005.994384765625,-2004.6839599609375,2184.8583984375,4005.994384765625,-1973.3780517578125,2143.290771484375,4005.994384765625,-2005.555419921875,169.654
2060.855712890625,4005.994384765625,-1898.144287109375,2107.86083984375,4005.994384765625,-1947.8292236328125,2060.786865234375,4005.994384765625,-1898.07177734375,92.638
