seam_x,seam_y,seam_z,interior,floor
-8164.39306640625,6012.3349609375,-1552.67724609375,180.0,35.0
-7807.052734375,6012.3349609375,-1203.14794921875,180.0,35.0
-7436.072265625,6012.3349609375,-1207.2822265625,169.185,35.156
-8155.28564453125,6129.46044921875,-1562.2127685546875,141.143,37.113
-5570.52587890625,5950.25830078125,-2625.49658203125,90.861,49.13
