seam_x,seam_y,seam_z,init_x,init_y,init_z,dest_x,dest_y,dest_z,angle_deg
175.4826202392578,3898.15771484375,8829.3798828125,175.48277282714844,3898.15771484375,8778.3798828125,175.48260498046875,3898.15771484375,8829.478515625,179.972
-146.4105224609375,4100.0,6330.40576171875,-95.4105224609375,4100.0,6330.40576171875,-146.5105438232422,4100.0,6330.4052734375,180.0
164.25408935546875,4100.0,6330.40576171875,113.25408935546875,4100.0,6330.40576171875,164.3540802001953,4100.0,6330.4052734375,180.0
-165.43077087402344,4100.0,6339.515625,-165.4308319091797,4100.0,6390.515625,-165.43075561523438,4100.0,6339.4150390625,179.96
