seam_x,seam_y,seam_z,init_x,init_y,init_z,dest_x,dest_y,dest_z,angle_deg
-1032.487,-0.002,-427.424,-997.02460,-0.00248,-412.73489,-1032.62512,-0.00248,-427.48108,135.00
-1032.487,106.635,-427.424,-997.02460,-0.00248,-412.73489,-1032.62512,-0.00248,-427.48108,135.00
-1032.487,290.578,-427.424,-997.02460,-0.00248,-412.73489,-1032.62512,-0.00248,-427.48108,135.00
-1032.487,290.578,427.525,-997.02466,-0.00248,412.83621,-1032.62671,-0.00248,427.58325,135.00
