seam_x,seam_y,seam_z,interior,floor
-152.7642822265625,-2.879179000854492,-1094.8211669921875,180.0,35.0
-138.741455078125,-2.879179000854492,-1044.2193603515625,180.0,35.0
133.2135009765625,-2.879179000854492,-1044.2193603515625,180.0,35.0
147.2357177734375,-2.879179000854492,-1094.8211669921875,180.0,35.0
427.00347900390625,-0.0024800000246614218,1032.0657958984375,135.0,37.884
-152.7642822265625,-2.879179000854492,-1067.7337646484375,90.0,49.497
-138.741455078125,-2.879179000854492,-1067.7337646484375,90.0,49.497
133.2135009765625,-2.879179000854492,-1067.7337646484375,90.0,49.497
147.2357177734375,-2.879179000854492,-1067.7337646484375,90.0,49.497
