seam_x,seam_y,seam_z,init_x,init_y,init_z,dest_x,dest_y,dest_z,angle_deg
-1032.486572265625,-0.0024800000246614218,-427.4237060546875,-982.7044677734375,-0.0024800000246614218,-406.8033142089844,-1032.6898193359375,-0.0024800000246614218,-427.50787353515625,135.0
427.00347900390625,-0.0024800000246614218,-1031.9647216796875,407.2550048828125,-0.0024800000246614218,-981.8303833007812,427.1283264160156,-0.0024800000246614218,-1032.2816162109375,135.0
-427.94586181640625,-0.0024800000246614218,1032.0657958984375,-408.1974182128906,-0.0024800000246614218,981.931396484375,-428.0707092285156,-0.0024800000246614218,1032.3826904296875,135.0
1031.543701171875,-0.0024800000246614218,-427.4237060546875,982.1290893554688,-0.0024800000246614218,-405.9376525878906,1031.96484375,-0.0024800000246614218,-427.6068420410156,135.0
1031.5435791015625,-0.0024800000246614218,427.525634765625,981.4092407226562,-0.0024800000246614218,407.7771911621094,1031.972412109375,-0.0024800000246614218,427.694580078125,135.0
-1032.4862060546875,-0.0024800000246614218,427.5250244140625,-982.7041625976562,-0.0024800000246614218,406.90460205078125,-1033.13330078125,-0.0024800000246614218,427.7930908203125,135.0
-427.94586181640625,-0.0024800000246614218,-1031.9647216796875,-406.45977783203125,-0.0024800000246614218,-982.5501098632812,-428.7515563964844,-0.0024800000246614218,-1033.817626953125,135.0
