seam_x,seam_y,seam_z,init_x,init_y,init_z,dest_x,dest_y,dest_z,angle_deg
271.09381103515625,-99.99996185302734,1859.249755859375,270.2037353515625,-99.99996185302734,1808.257568359375,271.0955810546875,-99.99996185302734,1859.349609375,180.0
-259.5109558105469,-99.99996185302734,1788.4202880859375,-208.51095581054688,-99.99996185302734,1788.4202880859375,-259.6109924316406,-99.99996185302734,1788.420166015625,180.0
274.05633544921875,52.64152526855469,1879.489013671875,320.8263854980469,52.64152526855469,1899.8251953125,273.96466064453125,52.64152526855469,1879.448974609375,179.972
75.0,-100.0,250.0,24.0,-100.0,250.0,75.09999084472656,-100.0,249.99998474121094,180.0
-75.0,-100.0,250.0,-24.0,-100.0,250.0,-75.10000610351562,-100.0,249.99998474121094,180.0
182.91819763183594,-99.30000305175781,1862.24072265625,144.8165740966797,-99.30000305175781,1900.34228515625,182.98890686035156,-99.30000305175781,1862.1700439453125,135.0
-216.37681579589844,-17.780170440673828,2465.020263671875,-262.6905212402344,-17.780170440673828,2418.70654296875,-216.3061065673828,-17.780170440673828,2465.091064453125,90.0
-216.37684631347656,-17.780166625976562,2544.091796875,-262.6905822753906,-17.780166625976562,2590.405517578125,-216.30613708496094,-17.780166625976562,2544.02099609375,90.0
