seam_x,seam_y,seam_z,init_x,init_y,init_z,dest_x,dest_y,dest_z,angle_deg
373.4387512207031,-25.95035414662291,2277.710205078125,373.4798889160156,-25.950353622436523,2328.7568359375,373.4388122558594,-25.95035414662291,2277.60888671875,174.092
182.91819763183594,-99.30000305175781,1862.24072265625,144.8165740966797,-99.30000305175781,1900.34228515625,182.98890686035156,-99.30000305175781,1862.1700439453125,135.0
-216.37681579589844,-17.78016893906775,2465.020263671875,-262.6905212402344,-17.780168533325195,2418.70654296875,-216.3061065673828,-17.78016893906775,2465.091064453125,90.0
75.0,193.7556868593768,325.0,9.50253963470459,193.7556915283203,325.0000305175781,75.09999084472656,193.7556868593768,324.9999694824219,90.0
75.0,-249.74194429550414,100.0,9.502525329589844,-249.741943359375,100.00000762939453,75.0999984741211,-249.74194429550414,100.0,90.0
75.0,-251.11739348409304,-3250.0,9.512500762939453,-251.1173858642578,-3251.14306640625,75.09998321533203,-251.11739348409304,-3249.998291015625,90.0
75.0,199.40287018778196,1788.42041015625,9.512500762939453,199.4028778076172,1789.5634765625,75.09998321533203,199.40287018778196,1788.418701171875,90.0
-216.37684631347656,-17.780166625976562,2544.091796875,-262.6905822753906,-17.780166625976562,2590.405517578125,-216.30613708496094,-17.780166625976562,2544.02099609375,90.0
