seam_x,seam_y,seam_z,init_x,init_y,init_z,dest_x,dest_y,dest_z,angle_deg
1435.086669921875,11676.736909689895,-8501.1220703125,1478.3587646484375,11676.7373046875,-8550.1640625,1435.0203857421875,11676.736909689895,-8501.0478515625,90.219
2550.040283203125,11794.352786419062,-8568.6416015625,2546.07470703125,11794.3525390625,-8634.01171875,2550.045654296875,11794.352786419062,-8568.5390625,90.016
2500.086181640625,11701.072020652875,-8565.6181640625,2451.057861328125,11701.072265625,-8609.0478515625,2500.158935546875,11701.072020652875,-8565.552734375,90.0
1772.9945068359375,11701.712159042696,-8521.591796875,1816.42431640625,11701.7119140625,-8570.6201171875,1772.927978515625,11701.712159042696,-8521.5166015625,90.0
1723.0860595703125,11676.736921159685,-8518.5693359375,1674.0374755859375,11676.7373046875,-8561.994140625,1723.160888671875,11676.736921159685,-8518.5029296875,89.973
1712.1844482421875,11676.718848425466,-8697.123046875,1663.135986328125,11676.71875,-8740.548828125,1712.25927734375,11676.718848425466,-8697.056640625,89.971
2478.07275390625,11776.9755859375,-6110.2119140625,2522.041748046875,11776.9755859375,-6158.8076171875,2478.007568359375,11776.9755859375,-6110.1416015625,89.913
2835.3486328125,11676.73660237713,-8585.9091796875,2786.162109375,11676.736328125,-8629.30859375,2835.423583984375,11676.73660237713,-8585.841796875,89.773
2539.18408203125,11676.718598720658,-8747.1787109375,2582.6064453125,11676.71875,-8796.1923828125,2538.801025390625,11676.718598720658,-8746.7451171875,90.037
