seam_x,seam_y,seam_z,interior,floor
-2949.22021484375,-500.0,-1713.42919921875,180.0,35.0
-1925.61279296875,-500.0,1882.1343994140625,167.113,35.223
-1214.743408203125,-350.0,-402.1260070800781,155.916,35.788
-1050.0,-500.0,1137.7186279296875,154.994,35.85
-1049.9998779296875,-500.0,1582.0169677734375,136.588,37.671
-1100.0,-200.0000762939453,-150.0,90.0,49.497
-1100.0,-200.0000762939453,-250.0,90.0,49.497
-1100.0,-200.0000762939453,150.0,90.0,49.497
-1100.0,-200.0000762939453,250.0,90.0,49.497
