seam_x,seam_y,seam_z,init_x,init_y,init_z,dest_x,dest_y,dest_z,angle_deg
-313.959,0.000,-1007.970,-333.78821,0.00000,-972.97003,-313.88452,0.00000,-1008.10095,120.93
-800.000,0.000,-1000.000,-764.58850,0.00000,-975.55560,-800.12354,0.00000,-1000.08533,110.77
