seam_x,seam_y,seam_z,init_x,init_y,init_z,dest_x,dest_y,dest_z,angle_deg
-3968.41357421875,1463.7889404296875,11864.875,-3902.925048828125,1463.7889404296875,11863.728515625,-3969.713623046875,1463.7889404296875,11864.8984375,89.997
