seam_x,seam_y,seam_z,init_x,init_y,init_z,dest_x,dest_y,dest_z,angle_deg
6284.56982421875,955.1800537109375,-800.4912719726562,6233.56982421875,955.1800537109375,-800.4912719726562,6284.66943359375,955.1800537109375,-800.4913330078125,180.0
6284.56982421875,1054.843017578125,800.0,6233.56982421875,1054.843017578125,800.0,6284.66943359375,1054.843017578125,800.0000610351562,180.0
6332.5693359375,955.1800537109375,-800.4912719726562,6383.5693359375,955.1800537109375,-800.4912719726562,6332.46875,955.1800537109375,-800.4913330078125,180.0
6332.5693359375,1054.8424072265625,800.0,6383.5693359375,1054.8424072265625,800.0,6332.46875,1054.8424072265625,800.0000610351562,180.0
