seam_x,seam_y,seam_z,init_x,init_y,init_z,dest_x,dest_y,dest_z,angle_deg
720.2099609375,3715.0,3456.83447265625,683.239013671875,3715.0,3493.71826171875,720.2805786132812,3715.0,3456.76416015625,150.135
-694.0032958984375,3715.0,3456.83447265625,-657.0322875976562,3715.0,3493.71826171875,-694.0748901367188,3715.0,3456.762939453125,150.135
720.2099609375,3715.0,4871.04931640625,683.2745361328125,3715.0,4834.11376953125,720.27978515625,3715.0,4871.119140625,150.0
-952.822265625,3715.0,4422.76025390625,-902.8699951171875,3715.0,4407.48828125,-952.9188842773438,3715.0,4422.7900390625,150.0
-694.00390625,3715.0,4871.048828125,-657.068359375,3715.0,4834.11328125,-694.0755004882812,3715.0,4871.12060546875,150.0
-245.716552734375,3715.0,5129.86669921875,-244.7327880859375,3715.0,5073.46044921875,-245.7183074951172,3715.0,5129.96630859375,119.998
271.92138671875,3715.0,5129.86767578125,223.06491088867188,3715.0,5101.6611328125,272.11224365234375,3715.0,5129.9775390625,120.001
-343.0670166015625,3715.0,3253.115234375,-294.201171875,3715.0,3281.2509765625,-343.4659118652344,3715.0,3252.8857421875,120.135
271.92138671875,3715.0,5365.1337890625,225.60806274414062,3715.0,5318.8173828125,273.0102844238281,3715.0,5366.22314453125,89.996
