seam_x,seam_y,seam_z,init_x,init_y,init_z,dest_x,dest_y,dest_z,angle_deg
15033.266,-5062.488,10123.233,15007.64355,-5062.48779,10097.61133,15033.36914,-5062.48778,10123.33691,150.00
12523.716,-5062.487,8674.344,12559.19922,-5062.48730,8683.85156,12523.57227,-5062.48730,8674.30469,150.00
13584.376,-5062.486,7613.683,13593.88379,-5062.48633,7649.16553,13584.33594,-5062.48635,7613.53760,150.00
12911.944,-5062.486,8001.912,12937.91992,-5062.48633,8027.88672,12911.83789,-5062.48635,8001.80518,150.00
14360.834,-5062.488,10511.462,14351.32617,-5062.48779,10475.97852,14360.87402,-5062.48778,10511.60840,150.00
15421.493,-5062.488,9450.801,15386.00977,-5062.48779,9441.29297,15421.64062,-5062.48778,9450.84082,150.00
