seam_x,seam_y,seam_z,init_x,init_y,init_z,dest_x,dest_y,dest_z,angle_deg
16091.792,-2990.000,1052.256,16066.16992,-2990.00000,1026.63403,16091.89551,-2990.00000,1052.35962,150.00
13970.473,-2990.000,-1069.065,13996.09473,-2990.00000,-1043.44312,13970.36621,-2990.00000,-1069.17102,150.00
16091.793,-2990.000,-1069.065,16066.17090,-2990.00000,-1043.44312,16091.89941,-2990.00000,-1069.17102,150.00
13970.471,-2990.000,1052.256,13996.09277,-2990.00000,1026.63403,13970.36426,-2990.00000,1052.36230,150.00
16480.021,-2990.000,-396.633,16444.53906,-2990.00000,-387.12567,16480.16211,-2990.00000,-396.67120,150.00
13582.245,-2990.000,-396.633,13617.72754,-2990.00000,-387.12534,13582.10254,-2990.00000,-396.67172,150.00
13582.242,-2990.000,379.824,13617.72559,-2990.00000,370.31674,13582.09961,-2990.00000,379.86264,150.00
15419.360,-2990.000,1440.485,15409.85254,-2990.00000,1405.00171,15419.40039,-2990.00000,1440.62927,150.00
16480.021,-2990.000,379.824,16444.53906,-2990.00000,370.31656,16480.16797,-2990.00000,379.86359,150.00
