seam_x,seam_y,seam_z,init_x,init_y,init_z,dest_x,dest_y,dest_z,angle_deg
5510.13232421875,955.1800537109375,-793.65087890625,5556.44580078125,955.1800537109375,-747.337158203125,5510.0615234375,955.1800537109375,-793.7216186523438,90.0
7105.3291015625,955.1800537109375,-793.65087890625,7059.015625,955.1800537109375,-747.337158203125,7105.39990234375,955.1800537109375,-793.7216186523438,90.0
7105.3291015625,955.1800537109375,793.67333984375,7059.015625,955.1800537109375,747.3595581054688,7105.39990234375,955.1800537109375,793.7440795898438,90.0
5510.13037109375,955.1800537109375,793.6708984375,5556.4443359375,955.1800537109375,747.357177734375,5510.0595703125,955.1800537109375,793.7416381835938,90.0
