seam_x,seam_y,seam_z,init_x,init_y,init_z,dest_x,dest_y,dest_z,angle_deg
-4509.5068359375,754.518120276237,7718.5849609375,-4444.2119140625,754.5181274414062,7718.548828125,-4509.96728515625,754.518120276237,7718.5849609375,90.472
-3116.78466796875,754.5181198690527,7717.65771484375,-3182.478271484375,754.5181274414062,7716.54736328125,-3116.683349609375,754.5181198690527,7717.6591796875,89.527
-4510.556640625,754.5181090266444,8289.5693359375,-4509.37353515625,754.5181274414062,8355.26171875,-4510.56494140625,754.5181090266444,8289.0947265625,89.528
-4510.556640625,754.518026158665,7190.25,-4509.37353515625,754.5180053710938,7255.9423828125,-4510.56689453125,754.518026158665,7189.6669921875,89.528
