seam_x,seam_y,seam_z,init_x,init_y,init_z,dest_x,dest_y,dest_z,angle_deg
-152.76632690429688,0.0,200.0,-101.78915405273438,0.0,198.3493194580078,-153.1061248779297,0.0,200.01101684570312,178.291
125.74056243896484,0.0,-261.9624328613281,127.6070327758789,0.0,-206.84022521972656,125.73716735839844,0.0,-262.0623779296875,126.738
-156.2810821533203,0.0,507.615234375,-200.0553436279297,0.0,466.2455749511719,-155.6852264404297,0.0,508.1782531738281,93.053
-152.76632690429688,400.0,-297.91668701171875,-106.45262145996094,400.0,-251.6029815673828,-152.8370361328125,400.0,-297.9873962402344,90.0
465.47503662109375,400.0,569.6824951171875,419.16131591796875,400.0,523.3687744140625,465.5457458496094,400.0,569.7532348632812,90.0
-68.43343353271484,0.0,0.1714320033788681,-21.612285614013672,0.0,46.414669036865234,-68.58995819091797,0.0,0.016837511211633682,89.288
165.72767639160156,0.0,489.9272766113281,211.72674560546875,0.0,441.3321228027344,165.5764923095703,0.0,490.08697509765625,86.856
