seam_x,seam_y,seam_z,init_x,init_y,init_z,dest_x,dest_y,dest_z,angle_deg
-75.0,-251.11739348409304,-3150.0,-9.512500762939453,-251.1173858642578,-3148.85693359375,-75.09998321533203,-251.11739348409304,-3150.001708984375,90.0
75.0,-251.11739348409301,-3150.0,9.512500762939453,-251.1173858642578,-3148.85693359375,75.09998321533203,-251.11739348409301,-3150.001708984375,90.0
75.0,-249.741943359375,0.0,9.502525329589844,-249.741943359375,-4.010563785911657e-15,75.0999984741211,-249.741943359375,6.123233849335533e-18,90.0
75.0,-249.74194429550414,100.0,9.502525329589844,-249.741943359375,100.00000762939453,75.0999984741211,-249.74194429550414,100.0,90.0
75.0,199.83708954813355,1650.0,9.512500762939453,199.83709716796875,1651.14306640625,75.09998321533203,199.83708954813355,1649.998291015625,90.0
75.0,-251.11739348409304,-3250.0,9.512500762939453,-251.1173858642578,-3251.14306640625,75.09998321533203,-251.11739348409304,-3249.998291015625,90.0
