seam_x,seam_y,seam_z,init_x,init_y,init_z,dest_x,dest_y,dest_z,angle_deg
-361.355,-34.293,1724.279,-365.90720,-0.00000,1689.57654,-361.33514,-0.00000,1724.42786,179.69
678.349,-34.293,1614.400,645.56372,-0.00000,1602.14661,678.48956,-0.00000,1614.45215,179.69
-1731.667,-34.293,294.291,-1697.67102,0.00000,285.96637,-1731.81262,0.00000,294.32672,179.69
1346.272,-34.293,-800.101,1311.02881,0.00000,-795.83606,1346.42065,0.00000,-800.11902,179.68
627.586,-34.293,-1503.348,616.13641,5.98527,-1467.19922,627.63092,5.98527,-1503.49109,134.75
-1906.357,156.506,808.850,-1871.35669,400.78903,794.25690,-1906.49536,400.78904,808.90753,134.73
-862.206,156.506,1843.339,-847.61359,-0.00000,1807.87671,-862.26318,-0.00000,1843.47778,135.27
662.794,156.506,1843.339,642.30029,13.41692,1804.45850,662.85156,13.41692,1843.47766,134.91
