seam_x,seam_y,seam_z,init_x,init_y,init_z,dest_x,dest_y,dest_z,angle_deg
-1906.3568115234375,270.2309875488281,-682.5194091796875,-1856.5692138671875,270.2309875488281,-661.9498291015625,-1906.4498291015625,270.2309875488281,-682.5579223632812,135.104
-1906.3568115234375,409.76837158203125,808.8497314453125,-1856.5889892578125,409.76837158203125,788.099609375,-1906.4490966796875,409.76837158203125,808.8882446289062,134.734
