seam_x,seam_y,seam_z,init_x,init_y,init_z,dest_x,dest_y,dest_z,angle_deg
639.5669555664062,31.15636881444759,-1740.927734375,589.67041015625,31.156368255615234,-1740.5377197265625,639.6669311523438,31.15636881444759,-1740.928466796875,134.896
678.3489990234375,-9.169445487287994e-07,1614.3995361328125,638.3814086914062,-9.169445434054069e-07,1578.6920166015625,678.4236450195312,-9.169445487287994e-07,1614.4661865234375,137.174
-1906.3568115234375,270.2310305153578,-682.5194091796875,-1856.5692138671875,270.23101806640625,-661.9498291015625,-1906.4498291015625,270.2310305153578,-682.5579223632812,135.104
627.5856323242188,5.676077238209632,-1503.3480224609375,611.3052978515625,5.676077365875244,-1451.946044921875,627.61572265625,5.676077238209632,-1503.443115234375,134.746
1346.2718505859375,0.0,-800.10107421875,1299.4176025390625,0.0,-773.419677734375,1346.3585205078125,0.0,-800.1504516601562,134.746
-1731.666748046875,0.0,294.29107666015625,-1678.3741455078125,0.0,302.4848327636719,-1731.765625,0.0,294.2758483886719,134.745
-1906.3568115234375,409.7683276012306,808.8497314453125,-1856.5889892578125,409.7683410644531,788.099609375,-1906.4490966796875,409.7683276012306,808.8882446289062,134.734
-361.3546142578125,-1.8306223568270764e-07,1724.279296875,-341.1734313964844,-1.8306224092157208e-07,1672.1243896484375,-361.3907165527344,-1.8306223568270764e-07,1724.37255859375,122.489
